DateID,FullDate
812,2019-01-01
813,2019-01-02
814,2019-01-03
815,2019-01-04
816,2019-01-05
817,2019-01-06
818,2019-01-07
819,2019-01-08
820,2019-01-09
821,2019-01-10
822,2019-01-11
823,2019-01-12
824,2019-01-13
825,2019-01-14
826,2019-01-15
827,2019-01-16
828,2019-01-17
829,2019-01-18
830,2019-01-19
831,2019-01-20
832,2019-01-21
833,2019-01-22
834,2019-01-23
835,2019-01-24
836,2019-01-25
837,2019-01-26
838,2019-01-27
839,2019-01-28
840,2019-01-29
841,2019-01-30
842,2019-01-31
843,2019-02-01
844,2019-02-02
845,2019-02-03
846,2019-02-04
847,2019-02-05
848,2019-02-06
849,2019-02-07
850,2019-02-08
851,2019-02-09
852,2019-02-10
853,2019-02-11
854,2019-02-12
855,2019-02-13
856,2019-02-14
857,2019-02-15
858,2019-02-16
859,2019-02-17
860,2019-02-18
861,2019-02-19
862,2019-02-20
863,2019-02-21
864,2019-02-22
865,2019-02-23
866,2019-02-24
867,2019-02-25
868,2019-02-26
869,2019-02-27
870,2019-02-28
871,2019-03-01
872,2019-03-02
873,2019-03-03
874,2019-03-04
875,2019-03-05
876,2019-03-06
877,2019-03-07
878,2019-03-08
879,2019-03-09
880,2019-03-10
881,2019-03-11
882,2019-03-12
883,2019-03-13
884,2019-03-14
885,2019-03-15
886,2019-03-16
887,2019-03-17
888,2019-03-18
889,2019-03-19
890,2019-03-20
891,2019-03-21
892,2019-03-22
893,2019-03-23
894,2019-03-24
895,2019-03-25
896,2019-03-26
897,2019-03-27
898,2019-03-28
899,2019-03-29
900,2019-03-30
901,2019-03-31
902,2019-04-01
903,2019-04-02
904,2019-04-03
905,2019-04-04
906,2019-04-05
907,2019-04-06
908,2019-04-07
909,2019-04-08
910,2019-04-09
911,2019-04-10
912,2019-04-11
913,2019-04-12
914,2019-04-13
915,2019-04-14
916,2019-04-15
917,2019-04-16
918,2019-04-17
919,2019-04-18
920,2019-04-19
921,2019-04-20
922,2019-04-21
923,2019-04-22
924,2019-04-23
925,2019-04-24
926,2019-04-25
927,2019-04-26
928,2019-04-27
929,2019-04-28
930,2019-04-29
931,2019-04-30
932,2019-05-01
933,2019-05-02
934,2019-05-03
935,2019-05-04
936,2019-05-05
937,2019-05-06
938,2019-05-07
939,2019-05-08
940,2019-05-09
941,2019-05-10
942,2019-05-11
943,2019-05-12
944,2019-05-13
945,2019-05-14
946,2019-05-15
947,2019-05-16
948,2019-05-17
949,2019-05-18
950,2019-05-19
951,2019-05-20
952,2019-05-21
953,2019-05-22
954,2019-05-23
955,2019-05-24
956,2019-05-25
957,2019-05-26
958,2019-05-27
959,2019-05-28
960,2019-05-29
961,2019-05-30
962,2019-05-31
963,2019-06-01
964,2019-06-02
965,2019-06-03
966,2019-06-04
967,2019-06-05
968,2019-06-06
969,2019-06-07
970,2019-06-08
971,2019-06-09
972,2019-06-10
973,2019-06-11
974,2019-06-12
975,2019-06-13
976,2019-06-14
977,2019-06-15
978,2019-06-16
979,2019-06-17
980,2019-06-18
981,2019-06-19
982,2019-06-20
983,2019-06-21
984,2019-06-22
985,2019-06-23
986,2019-06-24
987,2019-06-25
988,2019-06-26
989,2019-06-27
990,2019-06-28
991,2019-06-29
992,2019-06-30
993,2019-07-01
994,2019-07-02
995,2019-07-03
996,2019-07-04
997,2019-07-05
998,2019-07-06
999,2019-07-07
1000,2019-07-08
1001,2019-07-09
1002,2019-07-10
1003,2019-07-11
1004,2019-07-12
1005,2019-07-13
1006,2019-07-14
1007,2019-07-15
1008,2019-07-16
1009,2019-07-17
1010,2019-07-18
1011,2019-07-19
1012,2019-07-20
1013,2019-07-21
1014,2019-07-22
1015,2019-07-23
1016,2019-07-24
1017,2019-07-25
1018,2019-07-26
1019,2019-07-27
1020,2019-07-28
1021,2019-07-29
1022,2019-07-30
1023,2019-07-31
1024,2019-08-01
1025,2019-08-02
1026,2019-08-03
1027,2019-08-04
1028,2019-08-05
1029,2019-08-06
1030,2019-08-07
1031,2019-08-08
1032,2019-08-09
1033,2019-08-10
1034,2019-08-11
1035,2019-08-12
1036,2019-08-13
1037,2019-08-14
1038,2019-08-15
1039,2019-08-16
1040,2019-08-17
1041,2019-08-18
1042,2019-08-19
1043,2019-08-20
1044,2019-08-21
1045,2019-08-22
1046,2019-08-23
1047,2019-08-24
1048,2019-08-25
1049,2019-08-26
1050,2019-08-27
1051,2019-08-28
1052,2019-08-29
1053,2019-08-30
1054,2019-08-31
1055,2019-09-01
1056,2019-09-02
1057,2019-09-03
1058,2019-09-04
1059,2019-09-05
1060,2019-09-06
1061,2019-09-07
1062,2019-09-08
1063,2019-09-09
1064,2019-09-10
1065,2019-09-11
1066,2019-09-12
1067,2019-09-13
1068,2019-09-14
1069,2019-09-15
1070,2019-09-16
1071,2019-09-17
1072,2019-09-18
1073,2019-09-19
1074,2019-09-20
1075,2019-09-21
1076,2019-09-22
1077,2019-09-23
1078,2019-09-24
1079,2019-09-25
1080,2019-09-26
1081,2019-09-27
1082,2019-09-28
1083,2019-09-29
1084,2019-09-30
1085,2019-10-01
1086,2019-10-02
1087,2019-10-03
1088,2019-10-04
1089,2019-10-05
1090,2019-10-06
1091,2019-10-07
1092,2019-10-08
1093,2019-10-09
1094,2019-10-10
1095,2019-10-11
1096,2019-10-12
1097,2019-10-13
1098,2019-10-14
1099,2019-10-15
1100,2019-10-16
1101,2019-10-17
1102,2019-10-18
1103,2019-10-19
1104,2019-10-20
1105,2019-10-21
1106,2019-10-22
1107,2019-10-23
1108,2019-10-24
1109,2019-10-25
1110,2019-10-26
1111,2019-10-27
1112,2019-10-28
1113,2019-10-29
1114,2019-10-30
1115,2019-10-31
1116,2019-11-01
1117,2019-11-02
1118,2019-11-03
1119,2019-11-04
1120,2019-11-05
1121,2019-11-06
1122,2019-11-07
1123,2019-11-08
1124,2019-11-09
1125,2019-11-10
1126,2019-11-11
1127,2019-11-12
1128,2019-11-13
1129,2019-11-14
1130,2019-11-15
1131,2019-11-16
1132,2019-11-17
1133,2019-11-18
1134,2019-11-19
1135,2019-11-20
1136,2019-11-21
1137,2019-11-22
1138,2019-11-23
1139,2019-11-24
1140,2019-11-25
1141,2019-11-26
1142,2019-11-27
1143,2019-11-28
1144,2019-11-29
1145,2019-11-30
1146,2019-12-01
1147,2019-12-02
1148,2019-12-03
1149,2019-12-04
1150,2019-12-05
1151,2019-12-06
1152,2019-12-07
1153,2019-12-08
1154,2019-12-09
1155,2019-12-10
1156,2019-12-11
1157,2019-12-12
1158,2019-12-13
1159,2019-12-14
1160,2019-12-15
1161,2019-12-16
1162,2019-12-17
1163,2019-12-18
1164,2019-12-19
1165,2019-12-20
1166,2019-12-21
1167,2019-12-22
1168,2019-12-23
1169,2019-12-24
1170,2019-12-25
1171,2019-12-26
1172,2019-12-27
1173,2019-12-28
1174,2019-12-29
1175,2019-12-30
1176,2019-12-31
1177,2020-01-01
1178,2020-01-02
1179,2020-01-03
1180,2020-01-04
1181,2020-01-05
1182,2020-01-06
1183,2020-01-07
1184,2020-01-08
1185,2020-01-09
1186,2020-01-10
1187,2020-01-11
1188,2020-01-12
1189,2020-01-13
1190,2020-01-14
1191,2020-01-15
1192,2020-01-16
1193,2020-01-17
1194,2020-01-18
1195,2020-01-19
1196,2020-01-20
1197,2020-01-21
1198,2020-01-22
1199,2020-01-23
1200,2020-01-24
1201,2020-01-25
1202,2020-01-26
1203,2020-01-27
1204,2020-01-28
1205,2020-01-29
1206,2020-01-30
1207,2020-01-31
1208,2020-02-01
1209,2020-02-02
1210,2020-02-03
1211,2020-02-04
1212,2020-02-05
1213,2020-02-06
1214,2020-02-07
1215,2020-02-08
1216,2020-02-09
1217,2020-02-10
1218,2020-02-11
1219,2020-02-12
1220,2020-02-13
1221,2020-02-14
1222,2020-02-15
1223,2020-02-16
1224,2020-02-17
1225,2020-02-18
1226,2020-02-19
1227,2020-02-20
1228,2020-02-21
1229,2020-02-22
1230,2020-02-23
1231,2020-02-24
1232,2020-02-25
1233,2020-02-26
1234,2020-02-27
1235,2020-02-28
1236,2020-02-29
1237,2020-03-01
1238,2020-03-02
1239,2020-03-03
1240,2020-03-04
1241,2020-03-05
1242,2020-03-06
1243,2020-03-07
1244,2020-03-08
1245,2020-03-09
1246,2020-03-10
1247,2020-03-11
1248,2020-03-12
1249,2020-03-13
1250,2020-03-14
1251,2020-03-15
1252,2020-03-16
1253,2020-03-17
1254,2020-03-18
1255,2020-03-19
1256,2020-03-20
1257,2020-03-21
1258,2020-03-22
1259,2020-03-23
1260,2020-03-24
1261,2020-03-25
1262,2020-03-26
1263,2020-03-27
1264,2020-03-28
1265,2020-03-29
1266,2020-03-30
1267,2020-03-31
1268,2020-04-01
1269,2020-04-02
1270,2020-04-03
1271,2020-04-04
1272,2020-04-05
1273,2020-04-06
1274,2020-04-07
1275,2020-04-08
1276,2020-04-09
1277,2020-04-10
1278,2020-04-11
1279,2020-04-12
1280,2020-04-13
1281,2020-04-14
1282,2020-04-15
1283,2020-04-16
1284,2020-04-17
1285,2020-04-18
1286,2020-04-19
1287,2020-04-20
1288,2020-04-21
1289,2020-04-22
1290,2020-04-23
1291,2020-04-24
1292,2020-04-25
1293,2020-04-26
1294,2020-04-27
1295,2020-04-28
1296,2020-04-29
1297,2020-04-30
1298,2020-05-01
1299,2020-05-02
1300,2020-05-03
1301,2020-05-04
1302,2020-05-05
1303,2020-05-06
1304,2020-05-07
1305,2020-05-08
1306,2020-05-09
1307,2020-05-10
1308,2020-05-11
1309,2020-05-12
1310,2020-05-13
1311,2020-05-14
1312,2020-05-15
1313,2020-05-16
1314,2020-05-17
1315,2020-05-18
1316,2020-05-19
1317,2020-05-20
1318,2020-05-21
1319,2020-05-22
1320,2020-05-23
1321,2020-05-24
1322,2020-05-25
1323,2020-05-26
1324,2020-05-27
1325,2020-05-28
1326,2020-05-29
1327,2020-05-30
1328,2020-05-31
1329,2020-06-01
1330,2020-06-02
1331,2020-06-03
1332,2020-06-04
1333,2020-06-05
1334,2020-06-06
1335,2020-06-07
1336,2020-06-08
1337,2020-06-09
1338,2020-06-10
1339,2020-06-11
1340,2020-06-12
1341,2020-06-13
1342,2020-06-14
1343,2020-06-15
1344,2020-06-16
1345,2020-06-17
1346,2020-06-18
1347,2020-06-19
1348,2020-06-20
1349,2020-06-21
1350,2020-06-22
1351,2020-06-23
1352,2020-06-24
1353,2020-06-25
1354,2020-06-26
1355,2020-06-27
1356,2020-06-28
1357,2020-06-29
1358,2020-06-30
1359,2020-07-01
1360,2020-07-02
1361,2020-07-03
1362,2020-07-04
1363,2020-07-05
1364,2020-07-06
1365,2020-07-07
1366,2020-07-08
1367,2020-07-09
1368,2020-07-10
1369,2020-07-11
1370,2020-07-12
1371,2020-07-13
1372,2020-07-14
1373,2020-07-15
1374,2020-07-16
1375,2020-07-17
1376,2020-07-18
1377,2020-07-19
1378,2020-07-20
1379,2020-07-21
1380,2020-07-22
1381,2020-07-23
1382,2020-07-24
1383,2020-07-25
1384,2020-07-26
1385,2020-07-27
1386,2020-07-28
1387,2020-07-29
1388,2020-07-30
1389,2020-07-31
1390,2020-08-01
1391,2020-08-02
1392,2020-08-03
1393,2020-08-04
1394,2020-08-05
1395,2020-08-06
1396,2020-08-07
1397,2020-08-08
1398,2020-08-09
1399,2020-08-10
1400,2020-08-11
1401,2020-08-12
1402,2020-08-13
1403,2020-08-14
1404,2020-08-15
1405,2020-08-16
1406,2020-08-17
1407,2020-08-18
1408,2020-08-19
1409,2020-08-20
1410,2020-08-21
1411,2020-08-22
1412,2020-08-23
1413,2020-08-24
1414,2020-08-25
1415,2020-08-26
1416,2020-08-27
1417,2020-08-28
1418,2020-08-29
1419,2020-08-30
1420,2020-08-31
1421,2020-09-01
1422,2020-09-02
1423,2020-09-03
1424,2020-09-04
1425,2020-09-05
1426,2020-09-06
1427,2020-09-07
1428,2020-09-08
1429,2020-09-09
1430,2020-09-10
1431,2020-09-11
1432,2020-09-12
1433,2020-09-13
1434,2020-09-14
1435,2020-09-15
1436,2020-09-16
1437,2020-09-17
1438,2020-09-18
1439,2020-09-19
1440,2020-09-20
1441,2020-09-21
1442,2020-09-22
1443,2020-09-23
1444,2020-09-24
1445,2020-09-25
1446,2020-09-26
1447,2020-09-27
1448,2020-09-28
1449,2020-09-29
1450,2020-09-30
1451,2020-10-01
1452,2020-10-02
1453,2020-10-03
1454,2020-10-04
1455,2020-10-05
1456,2020-10-06
1457,2020-10-07
1458,2020-10-08
1459,2020-10-09
1460,2020-10-10
1461,2020-10-11
1462,2020-10-12
1463,2020-10-13
1464,2020-10-14
1465,2020-10-15
1466,2020-10-16
1467,2020-10-17
1468,2020-10-18
1469,2020-10-19
1470,2020-10-20
1471,2020-10-21
1472,2020-10-22
1473,2020-10-23
1474,2020-10-24
1475,2020-10-25
1476,2020-10-26
1477,2020-10-27
1478,2020-10-28
1479,2020-10-29
1480,2020-10-30
1481,2020-10-31
1482,2020-11-01
1483,2020-11-02
1484,2020-11-03
1485,2020-11-04
1486,2020-11-05
1487,2020-11-06
1488,2020-11-07
1489,2020-11-08
1490,2020-11-09
1491,2020-11-10
1492,2020-11-11
1493,2020-11-12
1494,2020-11-13
1495,2020-11-14
1496,2020-11-15
1497,2020-11-16
1498,2020-11-17
1499,2020-11-18
1500,2020-11-19
1501,2020-11-20
1502,2020-11-21
1503,2020-11-22
1504,2020-11-23
1505,2020-11-24
1506,2020-11-25
1507,2020-11-26
1508,2020-11-27
1509,2020-11-28
1510,2020-11-29
1511,2020-11-30
1512,2020-12-01
1513,2020-12-02
1514,2020-12-03
1515,2020-12-04
1516,2020-12-05
1517,2020-12-06
1518,2020-12-07
1519,2020-12-08
1520,2020-12-09
1521,2020-12-10
1522,2020-12-11
1523,2020-12-12
1524,2020-12-13
1525,2020-12-14
1526,2020-12-15
1527,2020-12-16
1528,2020-12-17
1529,2020-12-18
1530,2020-12-19
1531,2020-12-20
1532,2020-12-21
1533,2020-12-22
1534,2020-12-23
1535,2020-12-24
1536,2020-12-25
1537,2020-12-26
1538,2020-12-27
1539,2020-12-28
1540,2020-12-29
1541,2020-12-30
1542,2020-12-31
1543,2021-01-01
1544,2021-01-02
1545,2021-01-03
1546,2021-01-04
1547,2021-01-05
1548,2021-01-06
1549,2021-01-07
1550,2021-01-08
1551,2021-01-09
1552,2021-01-10
1553,2021-01-11
1554,2021-01-12
1555,2021-01-13
1556,2021-01-14
1557,2021-01-15
1558,2021-01-16
1559,2021-01-17
1560,2021-01-18
1561,2021-01-19
1562,2021-01-20
1563,2021-01-21
1564,2021-01-22
1565,2021-01-23
1566,2021-01-24
1567,2021-01-25
1568,2021-01-26
1569,2021-01-27
1570,2021-01-28
1571,2021-01-29
1572,2021-01-30
1573,2021-01-31
1574,2021-02-01
1575,2021-02-02
1576,2021-02-03
1577,2021-02-04
1578,2021-02-05
1579,2021-02-06
1580,2021-02-07
1581,2021-02-08
1582,2021-02-09
1583,2021-02-10
1584,2021-02-11
1585,2021-02-12
1586,2021-02-13
1587,2021-02-14
1588,2021-02-15
1589,2021-02-16
1590,2021-02-17
1591,2021-02-18
1592,2021-02-19
1593,2021-02-20
1594,2021-02-21
1595,2021-02-22
1596,2021-02-23
1597,2021-02-24
1598,2021-02-25
1599,2021-02-26
1600,2021-02-27
1601,2021-02-28
1602,2021-03-01
1603,2021-03-02
1604,2021-03-03
1605,2021-03-04
1606,2021-03-05
1607,2021-03-06
1608,2021-03-07
1609,2021-03-08
1610,2021-03-09
1611,2021-03-10
1612,2021-03-11
1613,2021-03-12
1614,2021-03-13
1615,2021-03-14
1616,2021-03-15
1617,2021-03-16
1618,2021-03-17
1619,2021-03-18
1620,2021-03-19
1621,2021-03-20
1622,2021-03-21
1623,2021-03-22
1624,2021-03-23
1625,2021-03-24
1626,2021-03-25
1627,2021-03-26
1628,2021-03-27
1629,2021-03-28
1630,2021-03-29
1631,2021-03-30
1632,2021-03-31
1633,2021-04-01
1634,2021-04-02
1635,2021-04-03
1636,2021-04-04
1637,2021-04-05
1638,2021-04-06
1639,2021-04-07
1640,2021-04-08
1641,2021-04-09
1642,2021-04-10
1643,2021-04-11
1644,2021-04-12
1645,2021-04-13
1646,2021-04-14
1647,2021-04-15
1648,2021-04-16
1649,2021-04-17
1650,2021-04-18
1651,2021-04-19
1652,2021-04-20
1653,2021-04-21
1654,2021-04-22
1655,2021-04-23
1656,2021-04-24
1657,2021-04-25
1658,2021-04-26
1659,2021-04-27
1660,2021-04-28
1661,2021-04-29
1662,2021-04-30
1663,2021-05-01
1664,2021-05-02
1665,2021-05-03
1666,2021-05-04
1667,2021-05-05
1668,2021-05-06
1669,2021-05-07
1670,2021-05-08
1671,2021-05-09
1672,2021-05-10
1673,2021-05-11
1674,2021-05-12
1675,2021-05-13
1676,2021-05-14
1677,2021-05-15
1678,2021-05-16
1679,2021-05-17
1680,2021-05-18
1681,2021-05-19
1682,2021-05-20
1683,2021-05-21
1684,2021-05-22
1685,2021-05-23
1686,2021-05-24
1687,2021-05-25
1688,2021-05-26
1689,2021-05-27
1690,2021-05-28
1691,2021-05-29
1692,2021-05-30
1693,2021-05-31
1694,2021-06-01
1695,2021-06-02
1696,2021-06-03
1697,2021-06-04
1698,2021-06-05
1699,2021-06-06
1700,2021-06-07
1701,2021-06-08
1702,2021-06-09
1703,2021-06-10
1704,2021-06-11
1705,2021-06-12
1706,2021-06-13
1707,2021-06-14
1708,2021-06-15
1709,2021-06-16
1710,2021-06-17
1711,2021-06-18
1712,2021-06-19
1713,2021-06-20
1714,2021-06-21
1715,2021-06-22
1716,2021-06-23
1717,2021-06-24
1718,2021-06-25
1719,2021-06-26
1720,2021-06-27
1721,2021-06-28
1722,2021-06-29
1723,2021-06-30
1724,2021-07-01
1725,2021-07-02
1726,2021-07-03
1727,2021-07-04
1728,2021-07-05
1729,2021-07-06
1730,2021-07-07
1731,2021-07-08
1732,2021-07-09
1733,2021-07-10
1734,2021-07-11
1735,2021-07-12
1736,2021-07-13
1737,2021-07-14
1738,2021-07-15
1739,2021-07-16
1740,2021-07-17
1741,2021-07-18
1742,2021-07-19
1743,2021-07-20
1744,2021-07-21
1745,2021-07-22
1746,2021-07-23
1747,2021-07-24
1748,2021-07-25
1749,2021-07-26
1750,2021-07-27
1751,2021-07-28
1752,2021-07-29
1753,2021-07-30
1754,2021-07-31
1755,2021-08-01
1756,2021-08-02
1757,2021-08-03
1758,2021-08-04
1759,2021-08-05
1760,2021-08-06
1761,2021-08-07
1762,2021-08-08
1763,2021-08-09
1764,2021-08-10
1765,2021-08-11
1766,2021-08-12
1767,2021-08-13
1768,2021-08-14
1769,2021-08-15
1770,2021-08-16
1771,2021-08-17
1772,2021-08-18
1773,2021-08-19
1774,2021-08-20
1775,2021-08-21
1776,2021-08-22
1777,2021-08-23
1778,2021-08-24
1779,2021-08-25
1780,2021-08-26
1781,2021-08-27
1782,2021-08-28
1783,2021-08-29
1784,2021-08-30
1785,2021-08-31
1786,2021-09-01
1787,2021-09-02
1788,2021-09-03
1789,2021-09-04
1790,2021-09-05
1791,2021-09-06
1792,2021-09-07
1793,2021-09-08
1794,2021-09-09
1795,2021-09-10
1796,2021-09-11
1797,2021-09-12
1798,2021-09-13
1799,2021-09-14
1800,2021-09-15
1801,2021-09-16
1802,2021-09-17
1803,2021-09-18
1804,2021-09-19
1805,2021-09-20
1806,2021-09-21
1807,2021-09-22
1808,2021-09-23
1809,2021-09-24
1810,2021-09-25
1811,2021-09-26
1812,2021-09-27
1813,2021-09-28
1814,2021-09-29
1815,2021-09-30
1816,2021-10-01
1817,2021-10-02
1818,2021-10-03
1819,2021-10-04
1820,2021-10-05
1821,2021-10-06
1822,2021-10-07
1823,2021-10-08
1824,2021-10-09
1825,2021-10-10
1826,2021-10-11
1827,2021-10-12
1828,2021-10-13
1829,2021-10-14
1830,2021-10-15
1831,2021-10-16
1832,2021-10-17
1833,2021-10-18
1834,2021-10-19
1835,2021-10-20
1836,2021-10-21
1837,2021-10-22
1838,2021-10-23
1839,2021-10-24
1840,2021-10-25
1841,2021-10-26
1842,2021-10-27
1843,2021-10-28
1844,2021-10-29
1845,2021-10-30
1846,2021-10-31
1847,2021-11-01
1848,2021-11-02
1849,2021-11-03
1850,2021-11-04
1851,2021-11-05
1852,2021-11-06
1853,2021-11-07
1854,2021-11-08
1855,2021-11-09
1856,2021-11-10
1857,2021-11-11
1858,2021-11-12
1859,2021-11-13
1860,2021-11-14
1861,2021-11-15
1862,2021-11-16
1863,2021-11-17
1864,2021-11-18
1865,2021-11-19
1866,2021-11-20
1867,2021-11-21
1868,2021-11-22
1869,2021-11-23
1870,2021-11-24
1871,2021-11-25
1872,2021-11-26
1873,2021-11-27
1874,2021-11-28
1875,2021-11-29
1876,2021-11-30
1877,2021-12-01
1878,2021-12-02
1879,2021-12-03
1880,2021-12-04
1881,2021-12-05
1882,2021-12-06
1883,2021-12-07
1884,2021-12-08
1885,2021-12-09
1886,2021-12-10
1887,2021-12-11
1888,2021-12-12
1889,2021-12-13
1890,2021-12-14
1891,2021-12-15
1892,2021-12-16
1893,2021-12-17
1894,2021-12-18
1895,2021-12-19
1896,2021-12-20
1897,2021-12-21
1898,2021-12-22
1899,2021-12-23
1900,2021-12-24
1901,2021-12-25
1902,2021-12-26
1903,2021-12-27
1904,2021-12-28
1905,2021-12-29
1906,2021-12-30
1907,2021-12-31
1908,2022-01-01
1909,2022-01-02
1910,2022-01-03
1911,2022-01-04
1912,2022-01-05
1913,2022-01-06
1914,2022-01-07
1915,2022-01-08
1916,2022-01-09
1917,2022-01-10
1918,2022-01-11
1919,2022-01-12
1920,2022-01-13
1921,2022-01-14
1922,2022-01-15
1923,2022-01-16
1924,2022-01-17
1925,2022-01-18
1926,2022-01-19
1927,2022-01-20
1928,2022-01-21
1929,2022-01-22
1930,2022-01-23
1931,2022-01-24
1932,2022-01-25
1933,2022-01-26
1934,2022-01-27
1935,2022-01-28
1936,2022-01-29
1937,2022-01-30
1938,2022-01-31
1939,2022-02-01
1940,2022-02-02
1941,2022-02-03
1942,2022-02-04
1943,2022-02-05
1944,2022-02-06
1945,2022-02-07
1946,2022-02-08
1947,2022-02-09
1948,2022-02-10
1949,2022-02-11
1950,2022-02-12
1951,2022-02-13
1952,2022-02-14
1953,2022-02-15
1954,2022-02-16
1955,2022-02-17
1956,2022-02-18
1957,2022-02-19
1958,2022-02-20
1959,2022-02-21
1960,2022-02-22
1961,2022-02-23
1962,2022-02-24
1963,2022-02-25
1964,2022-02-26
1965,2022-02-27
1966,2022-02-28
1967,2022-03-01
1968,2022-03-02
1969,2022-03-03
1970,2022-03-04
1971,2022-03-05
1972,2022-03-06
1973,2022-03-07
1974,2022-03-08
1975,2022-03-09
1976,2022-03-10
1977,2022-03-11
1978,2022-03-12
1979,2022-03-13
1980,2022-03-14
1981,2022-03-15
1982,2022-03-16
1983,2022-03-17
1984,2022-03-18
1985,2022-03-19
1986,2022-03-20
1987,2022-03-21
1988,2022-03-22
1989,2022-03-23
1990,2022-03-24
1991,2022-03-25
1992,2022-03-26
1993,2022-03-27
1994,2022-03-28
1995,2022-03-29
1996,2022-03-30
1997,2022-03-31
1998,2022-04-01
1999,2022-04-02
2000,2022-04-03
2001,2022-04-04
2002,2022-04-05
2003,2022-04-06
2004,2022-04-07
2005,2022-04-08
2006,2022-04-09
2007,2022-04-10
2008,2022-04-11
2009,2022-04-12
2010,2022-04-13
2011,2022-04-14
2012,2022-04-15
2013,2022-04-16
2014,2022-04-17
2015,2022-04-18
2016,2022-04-19
2017,2022-04-20
2018,2022-04-21
2019,2022-04-22
2020,2022-04-23
2021,2022-04-24
2022,2022-04-25
2023,2022-04-26
2024,2022-04-27
2025,2022-04-28
2026,2022-04-29
2027,2022-04-30
2028,2022-05-01
2029,2022-05-02
2030,2022-05-03
2031,2022-05-04
2032,2022-05-05
2033,2022-05-06
2034,2022-05-07
2035,2022-05-08
2036,2022-05-09
2037,2022-05-10
2038,2022-05-11
2039,2022-05-12
2040,2022-05-13
2041,2022-05-14
2042,2022-05-15
2043,2022-05-16
2044,2022-05-17
2045,2022-05-18
2046,2022-05-19
2047,2022-05-20
2048,2022-05-21
2049,2022-05-22
2050,2022-05-23
2051,2022-05-24
2052,2022-05-25
2053,2022-05-26
2054,2022-05-27
2055,2022-05-28
2056,2022-05-29
2057,2022-05-30
2058,2022-05-31
2059,2022-06-01
2060,2022-06-02
2061,2022-06-03
2062,2022-06-04
2063,2022-06-05
2064,2022-06-06
2065,2022-06-07
2066,2022-06-08
2067,2022-06-09
2068,2022-06-10
2069,2022-06-11
2070,2022-06-12
2071,2022-06-13
2072,2022-06-14
2073,2022-06-15
2074,2022-06-16
2075,2022-06-17
2076,2022-06-18
2077,2022-06-19
2078,2022-06-20
2079,2022-06-21
2080,2022-06-22
2081,2022-06-23
2082,2022-06-24
2083,2022-06-25
2084,2022-06-26
2085,2022-06-27
2086,2022-06-28
2087,2022-06-29
2088,2022-06-30
2089,2022-07-01
2090,2022-07-02
2091,2022-07-03
2092,2022-07-04
2093,2022-07-05
2094,2022-07-06
2095,2022-07-07
2096,2022-07-08
2097,2022-07-09
2098,2022-07-10
2099,2022-07-11
2100,2022-07-12
2101,2022-07-13
2102,2022-07-14
2103,2022-07-15
2104,2022-07-16
2105,2022-07-17
2106,2022-07-18
2107,2022-07-19
2108,2022-07-20
2109,2022-07-21
2110,2022-07-22
2111,2022-07-23
2112,2022-07-24
2113,2022-07-25
2114,2022-07-26
2115,2022-07-27
2116,2022-07-28
2117,2022-07-29
2118,2022-07-30
2119,2022-07-31
2120,2022-08-01
2121,2022-08-02
2122,2022-08-03
2123,2022-08-04
2124,2022-08-05
2125,2022-08-06
2126,2022-08-07
2127,2022-08-08
2128,2022-08-09
2129,2022-08-10
2130,2022-08-11
2131,2022-08-12
2132,2022-08-13
2133,2022-08-14
2134,2022-08-15
2135,2022-08-16
2136,2022-08-17
2137,2022-08-18
2138,2022-08-19
2139,2022-08-20
2140,2022-08-21
2141,2022-08-22
2142,2022-08-23
2143,2022-08-24
2144,2022-08-25
2145,2022-08-26
2146,2022-08-27
2147,2022-08-28
2148,2022-08-29
2149,2022-08-30
2150,2022-08-31
2151,2022-09-01
2152,2022-09-02
2153,2022-09-03
2154,2022-09-04
2155,2022-09-05
2156,2022-09-06
2157,2022-09-07
2158,2022-09-08
2159,2022-09-09
2160,2022-09-10
2161,2022-09-11
2162,2022-09-12
2163,2022-09-13
2164,2022-09-14
2165,2022-09-15
2166,2022-09-16
2167,2022-09-17
2168,2022-09-18
2169,2022-09-19
2170,2022-09-20
2171,2022-09-21
2172,2022-09-22
2173,2022-09-23
2174,2022-09-24
2175,2022-09-25
2176,2022-09-26
2177,2022-09-27
2178,2022-09-28
2179,2022-09-29
2180,2022-09-30
2181,2022-10-01
2182,2022-10-02
2183,2022-10-03
2184,2022-10-04
2185,2022-10-05
2186,2022-10-06
2187,2022-10-07
2188,2022-10-08
2189,2022-10-09
2190,2022-10-10
2191,2022-10-11
2192,2022-10-12
2193,2022-10-13
2194,2022-10-14
2195,2022-10-15
2196,2022-10-16
2197,2022-10-17
2198,2022-10-18
2199,2022-10-19
2200,2022-10-20
2201,2022-10-21
2202,2022-10-22
2203,2022-10-23
2204,2022-10-24
2205,2022-10-25
2206,2022-10-26
2207,2022-10-27
2208,2022-10-28
2209,2022-10-29
2210,2022-10-30
2211,2022-10-31
2212,2022-11-01
2213,2022-11-02
2214,2022-11-03
2215,2022-11-04
2216,2022-11-05
2217,2022-11-06
2218,2022-11-07
2219,2022-11-08
2220,2022-11-09
2221,2022-11-10
2222,2022-11-11
2223,2022-11-12
2224,2022-11-13
2225,2022-11-14
2226,2022-11-15
2227,2022-11-16
2228,2022-11-17
2229,2022-11-18
2230,2022-11-19
2231,2022-11-20
2232,2022-11-21
2233,2022-11-22
2234,2022-11-23
2235,2022-11-24
2236,2022-11-25
2237,2022-11-26
2238,2022-11-27
2239,2022-11-28
2240,2022-11-29
2241,2022-11-30
2242,2022-12-01
2243,2022-12-02
2244,2022-12-03
2245,2022-12-04
2246,2022-12-05
2247,2022-12-06
2248,2022-12-07
2249,2022-12-08
2250,2022-12-09
2251,2022-12-10
2252,2022-12-11
2253,2022-12-12
2254,2022-12-13
2255,2022-12-14
2256,2022-12-15
2257,2022-12-16
2258,2022-12-17
2259,2022-12-18
2260,2022-12-19
2261,2022-12-20
2262,2022-12-21
2263,2022-12-22
2264,2022-12-23
2265,2022-12-24
2266,2022-12-25
2267,2022-12-26
2268,2022-12-27
2269,2022-12-28
2270,2022-12-29
2271,2022-12-30
2272,2022-12-31
2273,2023-01-01
2274,2023-01-02
2275,2023-01-03
2276,2023-01-04
2277,2023-01-05
2278,2023-01-06
2279,2023-01-07
2280,2023-01-08
2281,2023-01-09
2282,2023-01-10
2283,2023-01-11
2284,2023-01-12
2285,2023-01-13
2286,2023-01-14
2287,2023-01-15
2288,2023-01-16
2289,2023-01-17
2290,2023-01-18
2291,2023-01-19
2292,2023-01-20
2293,2023-01-21
2294,2023-01-22
2295,2023-01-23
2296,2023-01-24
2297,2023-01-25
2298,2023-01-26
2299,2023-01-27
2300,2023-01-28
2301,2023-01-29
2302,2023-01-30
2303,2023-01-31
2304,2023-02-01
2305,2023-02-02
2306,2023-02-03
2307,2023-02-04
2308,2023-02-05
2309,2023-02-06
2310,2023-02-07
2311,2023-02-08
2312,2023-02-09
2313,2023-02-10
2314,2023-02-11
2315,2023-02-12
2316,2023-02-13
2317,2023-02-14
2318,2023-02-15
2319,2023-02-16
2320,2023-02-17
2321,2023-02-18
2322,2023-02-19
2323,2023-02-20
2324,2023-02-21
2325,2023-02-22
2326,2023-02-23
2327,2023-02-24
2328,2023-02-25
2329,2023-02-26
2330,2023-02-27
2331,2023-02-28
2332,2023-03-01
2333,2023-03-02
2334,2023-03-03
2335,2023-03-04
2336,2023-03-05
2337,2023-03-06
2338,2023-03-07
2339,2023-03-08
2340,2023-03-09
2341,2023-03-10
2342,2023-03-11
2343,2023-03-12
2344,2023-03-13
2345,2023-03-14
2346,2023-03-15
2347,2023-03-16
2348,2023-03-17
2349,2023-03-18
2350,2023-03-19
2351,2023-03-20
2352,2023-03-21
2353,2023-03-22
2354,2023-03-23
2355,2023-03-24
2356,2023-03-25
2357,2023-03-26
2358,2023-03-27
2359,2023-03-28
2360,2023-03-29
2361,2023-03-30
2362,2023-03-31
2363,2023-04-01
2364,2023-04-02
2365,2023-04-03
2366,2023-04-04
2367,2023-04-05
2368,2023-04-06
2369,2023-04-07
2370,2023-04-08
2371,2023-04-09
2372,2023-04-10
2373,2023-04-11
2374,2023-04-12
2375,2023-04-13
2376,2023-04-14
2377,2023-04-15
2378,2023-04-16
2379,2023-04-17
2380,2023-04-18
2381,2023-04-19
2382,2023-04-20
2383,2023-04-21
2384,2023-04-22
2385,2023-04-23
2386,2023-04-24
2387,2023-04-25
2388,2023-04-26
2389,2023-04-27
2390,2023-04-28
2391,2023-04-29
2392,2023-04-30
2393,2023-05-01
2394,2023-05-02
2395,2023-05-03
2396,2023-05-04
2397,2023-05-05
2398,2023-05-06
2399,2023-05-07
2400,2023-05-08
2401,2023-05-09
2402,2023-05-10
2403,2023-05-11
2404,2023-05-12
2405,2023-05-13
2406,2023-05-14
2407,2023-05-15
2408,2023-05-16
2409,2023-05-17
2410,2023-05-18
2411,2023-05-19
2412,2023-05-20
2413,2023-05-21
2414,2023-05-22
2415,2023-05-23
2416,2023-05-24
2417,2023-05-25
2418,2023-05-26
2419,2023-05-27
2420,2023-05-28
2421,2023-05-29
2422,2023-05-30
2423,2023-05-31
2424,2023-06-01
2425,2023-06-02
2426,2023-06-03
2427,2023-06-04
2428,2023-06-05
2429,2023-06-06
2430,2023-06-07
2431,2023-06-08
2432,2023-06-09
2433,2023-06-10
2434,2023-06-11
2435,2023-06-12
2436,2023-06-13
2437,2023-06-14
2438,2023-06-15
2439,2023-06-16
2440,2023-06-17
2441,2023-06-18
2442,2023-06-19
2443,2023-06-20
2444,2023-06-21
2445,2023-06-22
2446,2023-06-23
2447,2023-06-24
2448,2023-06-25
2449,2023-06-26
2450,2023-06-27
2451,2023-06-28
2452,2023-06-29
2453,2023-06-30
2454,2023-07-01
2455,2023-07-02
2456,2023-07-03
2457,2023-07-04
2458,2023-07-05
2459,2023-07-06
2460,2023-07-07
2461,2023-07-08
2462,2023-07-09
2463,2023-07-10
2464,2023-07-11
2465,2023-07-12
2466,2023-07-13
2467,2023-07-14
2468,2023-07-15
2469,2023-07-16
2470,2023-07-17
2471,2023-07-18
2472,2023-07-19
2473,2023-07-20
2474,2023-07-21
2475,2023-07-22
2476,2023-07-23
2477,2023-07-24
2478,2023-07-25
2479,2023-07-26
2480,2023-07-27
2481,2023-07-28
2482,2023-07-29
2483,2023-07-30
2484,2023-07-31
2485,2023-08-01
2486,2023-08-02
2487,2023-08-03
2488,2023-08-04
2489,2023-08-05
2490,2023-08-06
2491,2023-08-07
2492,2023-08-08
2493,2023-08-09
2494,2023-08-10
2495,2023-08-11
2496,2023-08-12
2497,2023-08-13
2498,2023-08-14
2499,2023-08-15
2500,2023-08-16
2501,2023-08-17
2502,2023-08-18
2503,2023-08-19
2504,2023-08-20
2505,2023-08-21
2506,2023-08-22
2507,2023-08-23
2508,2023-08-24
2509,2023-08-25
2510,2023-08-26
2511,2023-08-27
2512,2023-08-28
2513,2023-08-29
2514,2023-08-30
2515,2023-08-31
2516,2023-09-01
2517,2023-09-02
2518,2023-09-03
2519,2023-09-04
2520,2023-09-05
2521,2023-09-06
2522,2023-09-07
2523,2023-09-08
2524,2023-09-09
2525,2023-09-10
2526,2023-09-11
2527,2023-09-12
2528,2023-09-13
2529,2023-09-14
2530,2023-09-15
2531,2023-09-16
2532,2023-09-17
2533,2023-09-18
2534,2023-09-19
2535,2023-09-20
2536,2023-09-21
2537,2023-09-22
2538,2023-09-23
2539,2023-09-24
2540,2023-09-25
2541,2023-09-26
2542,2023-09-27
2543,2023-09-28
2544,2023-09-29
2545,2023-09-30
2546,2023-10-01
2547,2023-10-02
2548,2023-10-03
2549,2023-10-04
2550,2023-10-05
2551,2023-10-06
2552,2023-10-07
2553,2023-10-08
2554,2023-10-09
2555,2023-10-10
2556,2023-10-11
2557,2023-10-12
2558,2023-10-13
2559,2023-10-14
2560,2023-10-15
2561,2023-10-16
2562,2023-10-17
2563,2023-10-18
2564,2023-10-19
2565,2023-10-20
2566,2023-10-21
2567,2023-10-22
2568,2023-10-23
2569,2023-10-24
2570,2023-10-25
2571,2023-10-26
2572,2023-10-27
2573,2023-10-28
2574,2023-10-29
2575,2023-10-30
2576,2023-10-31
2577,2023-11-01
2578,2023-11-02
2579,2023-11-03
2580,2023-11-04
2581,2023-11-05
2582,2023-11-06
2583,2023-11-07
2584,2023-11-08
2585,2023-11-09
2586,2023-11-10
2587,2023-11-11
2588,2023-11-12
2589,2023-11-13
2590,2023-11-14
2591,2023-11-15
2592,2023-11-16
2593,2023-11-17
2594,2023-11-18
2595,2023-11-19
2596,2023-11-20
2597,2023-11-21
2598,2023-11-22
2599,2023-11-23
2600,2023-11-24
2601,2023-11-25
2602,2023-11-26
2603,2023-11-27
2604,2023-11-28
2605,2023-11-29
2606,2023-11-30
2607,2023-12-01
2608,2023-12-02
2609,2023-12-03
2610,2023-12-04
2611,2023-12-05
2612,2023-12-06
2613,2023-12-07
2614,2023-12-08
2615,2023-12-09
2616,2023-12-10
2617,2023-12-11
2618,2023-12-12
2619,2023-12-13
2620,2023-12-14
2621,2023-12-15
2622,2023-12-16
2623,2023-12-17
2624,2023-12-18
2625,2023-12-19
2626,2023-12-20
2627,2023-12-21
2628,2023-12-22
2629,2023-12-23
2630,2023-12-24
2631,2023-12-25
2632,2023-12-26
2633,2023-12-27
2634,2023-12-28
2635,2023-12-29
2636,2023-12-30
2637,2023-12-31
2638,2024-01-01
2639,2024-01-02
2640,2024-01-03
2641,2024-01-04
2642,2024-01-05
2643,2024-01-06
2644,2024-01-07
2645,2024-01-08
2646,2024-01-09
2647,2024-01-10
2648,2024-01-11
2649,2024-01-12
2650,2024-01-13
2651,2024-01-14
2652,2024-01-15
2653,2024-01-16
2654,2024-01-17
2655,2024-01-18
2656,2024-01-19
2657,2024-01-20
2658,2024-01-21
2659,2024-01-22
2660,2024-01-23
2661,2024-01-24
2662,2024-01-25
2663,2024-01-26
2664,2024-01-27
2665,2024-01-28
2666,2024-01-29
2667,2024-01-30
2668,2024-01-31
2669,2024-02-01
2670,2024-02-02
2671,2024-02-03
2672,2024-02-04
2673,2024-02-05
2674,2024-02-06
2675,2024-02-07
2676,2024-02-08
2677,2024-02-09
2678,2024-02-10
2679,2024-02-11
2680,2024-02-12
2681,2024-02-13
2682,2024-02-14
2683,2024-02-15
2684,2024-02-16
2685,2024-02-17
2686,2024-02-18
2687,2024-02-19
2688,2024-02-20
2689,2024-02-21
2690,2024-02-22
2691,2024-02-23
2692,2024-02-24
2693,2024-02-25
2694,2024-02-26
2695,2024-02-27
2696,2024-02-28
2697,2024-02-29
2698,2024-03-01
2699,2024-03-02
2700,2024-03-03
2701,2024-03-04
2702,2024-03-05
2703,2024-03-06
2704,2024-03-07
2705,2024-03-08
2706,2024-03-09
2707,2024-03-10
2708,2024-03-11
2709,2024-03-12
2710,2024-03-13
2711,2024-03-14
2712,2024-03-15
2713,2024-03-16
2714,2024-03-17
2715,2024-03-18
2716,2024-03-19
2717,2024-03-20
2718,2024-03-21
2719,2024-03-22
2720,2024-03-23
2721,2024-03-24
2722,2024-03-25
2723,2024-03-26
2724,2024-03-27
2725,2024-03-28
2726,2024-03-29
2727,2024-03-30
2728,2024-03-31
2729,2024-04-01
2730,2024-04-02
2731,2024-04-03
2732,2024-04-04
2733,2024-04-05
2734,2024-04-06
2735,2024-04-07
2736,2024-04-08
2737,2024-04-09
2738,2024-04-10
2739,2024-04-11
2740,2024-04-12
2741,2024-04-13
2742,2024-04-14
2743,2024-04-15
2744,2024-04-16
2745,2024-04-17
2746,2024-04-18
2747,2024-04-19
2748,2024-04-20
2749,2024-04-21
2750,2024-04-22
2751,2024-04-23
2752,2024-04-24
2753,2024-04-25
2754,2024-04-26
2755,2024-04-27
2756,2024-04-28
2757,2024-04-29
2758,2024-04-30
2759,2024-05-01
2760,2024-05-02
2761,2024-05-03
2762,2024-05-04
2763,2024-05-05
2764,2024-05-06
2765,2024-05-07
2766,2024-05-08
2767,2024-05-09
2768,2024-05-10
2769,2024-05-11
2770,2024-05-12
2771,2024-05-13
2772,2024-05-14
2773,2024-05-15
2774,2024-05-16
2775,2024-05-17
2776,2024-05-18
2777,2024-05-19
2778,2024-05-20
2779,2024-05-21
2780,2024-05-22
2781,2024-05-23
2782,2024-05-24
2783,2024-05-25
2784,2024-05-26
2785,2024-05-27
2786,2024-05-28
2787,2024-05-29
2788,2024-05-30
2789,2024-05-31
2790,2024-06-01
2791,2024-06-02
2792,2024-06-03
2793,2024-06-04
2794,2024-06-05
2795,2024-06-06
2796,2024-06-07
2797,2024-06-08
2798,2024-06-09
2799,2024-06-10
2800,2024-06-11
2801,2024-06-12
2802,2024-06-13
2803,2024-06-14
2804,2024-06-15
2805,2024-06-16
2806,2024-06-17
2807,2024-06-18
2808,2024-06-19
2809,2024-06-20
2810,2024-06-21
2811,2024-06-22
2812,2024-06-23
2813,2024-06-24
2814,2024-06-25
2815,2024-06-26
2816,2024-06-27
2817,2024-06-28
2818,2024-06-29
2819,2024-06-30
2820,2024-07-01
2821,2024-07-02
2822,2024-07-03
2823,2024-07-04
2824,2024-07-05
2825,2024-07-06
2826,2024-07-07
2827,2024-07-08
2828,2024-07-09
2829,2024-07-10
2830,2024-07-11
2831,2024-07-12
2832,2024-07-13
2833,2024-07-14
2834,2024-07-15
2835,2024-07-16
2836,2024-07-17
2837,2024-07-18
2838,2024-07-19
2839,2024-07-20
2840,2024-07-21
2841,2024-07-22
2842,2024-07-23
2843,2024-07-24
2844,2024-07-25
2845,2024-07-26
2846,2024-07-27
2847,2024-07-28
2848,2024-07-29
2849,2024-07-30
2850,2024-07-31
2851,2024-08-01
2852,2024-08-02
2853,2024-08-03
2854,2024-08-04
2855,2024-08-05
2856,2024-08-06
2857,2024-08-07
2858,2024-08-08
2859,2024-08-09
2860,2024-08-10
2861,2024-08-11
2862,2024-08-12
2863,2024-08-13
2864,2024-08-14
2865,2024-08-15
2866,2024-08-16
2867,2024-08-17
2868,2024-08-18
2869,2024-08-19
2870,2024-08-20
2871,2024-08-21
2872,2024-08-22
2873,2024-08-23
2874,2024-08-24
2875,2024-08-25
2876,2024-08-26
2877,2024-08-27
2878,2024-08-28
2879,2024-08-29
2880,2024-08-30
2881,2024-08-31
2882,2024-09-01
2883,2024-09-02
2884,2024-09-03
2885,2024-09-04
2886,2024-09-05
2887,2024-09-06
2888,2024-09-07
2889,2024-09-08
2890,2024-09-09
2891,2024-09-10
2892,2024-09-11
2893,2024-09-12
2894,2024-09-13
2895,2024-09-14
2896,2024-09-15
2897,2024-09-16
2898,2024-09-17
2899,2024-09-18
2900,2024-09-19
2901,2024-09-20
2902,2024-09-21
2903,2024-09-22
2904,2024-09-23
2905,2024-09-24
2906,2024-09-25
2907,2024-09-26
2908,2024-09-27
2909,2024-09-28
2910,2024-09-29
2911,2024-09-30
2912,2024-10-01
2913,2024-10-02
2914,2024-10-03
2915,2024-10-04
2916,2024-10-05
2917,2024-10-06
2918,2024-10-07
2919,2024-10-08
2920,2024-10-09
2921,2024-10-10
2922,2024-10-11
2923,2024-10-12
2924,2024-10-13
2925,2024-10-14
2926,2024-10-15
2927,2024-10-16
2928,2024-10-17
2929,2024-10-18
2930,2024-10-19
2931,2024-10-20
2932,2024-10-21
2933,2024-10-22
2934,2024-10-23
2935,2024-10-24
2936,2024-10-25
2937,2024-10-26
2938,2024-10-27
2939,2024-10-28
2940,2024-10-29
2941,2024-10-30
2942,2024-10-31
2943,2024-11-01
2944,2024-11-02
2945,2024-11-03
2946,2024-11-04
2947,2024-11-05
2948,2024-11-06
2949,2024-11-07
2950,2024-11-08
2951,2024-11-09
2952,2024-11-10
2953,2024-11-11
2954,2024-11-12
2955,2024-11-13
2956,2024-11-14
2957,2024-11-15
2958,2024-11-16
2959,2024-11-17
2960,2024-11-18
2961,2024-11-19
2962,2024-11-20
2963,2024-11-21
2964,2024-11-22
2965,2024-11-23
2966,2024-11-24
2967,2024-11-25
2968,2024-11-26
2969,2024-11-27
2970,2024-11-28
2971,2024-11-29
2972,2024-11-30
2973,2024-12-01
2974,2024-12-02
2975,2024-12-03
2976,2024-12-04
2977,2024-12-05
2978,2024-12-06
2979,2024-12-07
2980,2024-12-08
2981,2024-12-09
2982,2024-12-10
2983,2024-12-11
2984,2024-12-12
2985,2024-12-13
2986,2024-12-14
2987,2024-12-15
2988,2024-12-16
2989,2024-12-17
2990,2024-12-18
2991,2024-12-19
2992,2024-12-20
2993,2024-12-21
2994,2024-12-22
2995,2024-12-23
2996,2024-12-24
2997,2024-12-25
2998,2024-12-26
2999,2024-12-27
3000,2024-12-28
3001,2024-12-29
3002,2024-12-30
3003,2024-12-31
3004,2025-01-01
3005,2025-01-02
3006,2025-01-03
3007,2025-01-04
3008,2025-01-05
3009,2025-01-06
3010,2025-01-07
3011,2025-01-08
3012,2025-01-09
3013,2025-01-10
3014,2025-01-11
3015,2025-01-12
3016,2025-01-13
3017,2025-01-14
3018,2025-01-15
3019,2025-01-16
3020,2025-01-17
3021,2025-01-18
3022,2025-01-19
3023,2025-01-20
3024,2025-01-21
3025,2025-01-22
3026,2025-01-23
3027,2025-01-24
3028,2025-01-25
3029,2025-01-26
3030,2025-01-27
3031,2025-01-28
3032,2025-01-29
3033,2025-01-30
3034,2025-01-31
3035,2025-02-01
3036,2025-02-02
3037,2025-02-03
3038,2025-02-04
3039,2025-02-05
3040,2025-02-06
3041,2025-02-07
3042,2025-02-08
3043,2025-02-09
3044,2025-02-10
3045,2025-02-11
3046,2025-02-12
3047,2025-02-13
3048,2025-02-14
3049,2025-02-15
3050,2025-02-16
3051,2025-02-17
3052,2025-02-18
3053,2025-02-19
3054,2025-02-20
3055,2025-02-21
3056,2025-02-22
3057,2025-02-23
3058,2025-02-24
3059,2025-02-25
3060,2025-02-26
3061,2025-02-27
3062,2025-02-28
3063,2025-03-01
3064,2025-03-02
3065,2025-03-03
3066,2025-03-04
3067,2025-03-05
3068,2025-03-06
3069,2025-03-07
3070,2025-03-08
3071,2025-03-09
3072,2025-03-10
3073,2025-03-11
3074,2025-03-12
3075,2025-03-13
3076,2025-03-14
3077,2025-03-15
3078,2025-03-16
3079,2025-03-17
3080,2025-03-18
3081,2025-03-19
3082,2025-03-20
3083,2025-03-21
3084,2025-03-22
3085,2025-03-23
3086,2025-03-24
3087,2025-03-25
3088,2025-03-26
3089,2025-03-27
3090,2025-03-28
3091,2025-03-29
3092,2025-03-30
3093,2025-03-31
3094,2025-04-01
3095,2025-04-02
3096,2025-04-03
3097,2025-04-04
3098,2025-04-05
3099,2025-04-06
3100,2025-04-07
3101,2025-04-08
3102,2025-04-09
3103,2025-04-10
3104,2025-04-11
3105,2025-04-12
3106,2025-04-13
3107,2025-04-14
3108,2025-04-15
3109,2025-04-16
3110,2025-04-17
3111,2025-04-18
3112,2025-04-19
3113,2025-04-20
3114,2025-04-21
3115,2025-04-22
3116,2025-04-23
3117,2025-04-24
3118,2025-04-25
3119,2025-04-26
3120,2025-04-27
3121,2025-04-28
3122,2025-04-29
3123,2025-04-30
3124,2025-05-01
3125,2025-05-02
3126,2025-05-03
3127,2025-05-04
3128,2025-05-05
3129,2025-05-06
3130,2025-05-07
3131,2025-05-08
3132,2025-05-09
3133,2025-05-10
3134,2025-05-11
3135,2025-05-12
3136,2025-05-13
3137,2025-05-14
3138,2025-05-15
3139,2025-05-16
3140,2025-05-17
3141,2025-05-18
3142,2025-05-19
3143,2025-05-20
3144,2025-05-21
3145,2025-05-22
3146,2025-05-23
3147,2025-05-24
3148,2025-05-25
3149,2025-05-26
3150,2025-05-27
3151,2025-05-28
3152,2025-05-29
3153,2025-05-30
3154,2025-05-31
3155,2025-06-01
3156,2025-06-02
3157,2025-06-03
3158,2025-06-04
3159,2025-06-05
3160,2025-06-06
3161,2025-06-07
3162,2025-06-08
3163,2025-06-09
3164,2025-06-10
3165,2025-06-11
3166,2025-06-12
3167,2025-06-13
3168,2025-06-14
3169,2025-06-15
3170,2025-06-16
3171,2025-06-17
3172,2025-06-18
3173,2025-06-19
3174,2025-06-20
3175,2025-06-21
3176,2025-06-22
3177,2025-06-23
3178,2025-06-24
3179,2025-06-25
3180,2025-06-26
3181,2025-06-27
3182,2025-06-28
3183,2025-06-29
3184,2025-06-30
3185,2025-07-01
3186,2025-07-02
3187,2025-07-03
3188,2025-07-04
3189,2025-07-05
3190,2025-07-06
3191,2025-07-07
3192,2025-07-08
3193,2025-07-09
3194,2025-07-10
3195,2025-07-11
3196,2025-07-12
3197,2025-07-13
3198,2025-07-14
3199,2025-07-15
3200,2025-07-16
3201,2025-07-17
3202,2025-07-18
3203,2025-07-19
3204,2025-07-20
3205,2025-07-21
3206,2025-07-22
3207,2025-07-23
3208,2025-07-24
3209,2025-07-25
3210,2025-07-26
3211,2025-07-27
3212,2025-07-28
3213,2025-07-29
3214,2025-07-30
3215,2025-07-31
3216,2025-08-01
3217,2025-08-02
3218,2025-08-03
3219,2025-08-04
3220,2025-08-05
3221,2025-08-06
3222,2025-08-07
3223,2025-08-08
3224,2025-08-09
3225,2025-08-10
3226,2025-08-11
3227,2025-08-12
3228,2025-08-13
3229,2025-08-14
3230,2025-08-15
3231,2025-08-16
3232,2025-08-17
3233,2025-08-18
3234,2025-08-19
3235,2025-08-20
3236,2025-08-21
3237,2025-08-22
3238,2025-08-23
3239,2025-08-24
3240,2025-08-25
3241,2025-08-26
3242,2025-08-27
