DateID,FullDate,Month,Year
812,2019-01-01,January,2019
813,2019-01-02,January,2019
814,2019-01-03,January,2019
815,2019-01-04,January,2019
816,2019-01-05,January,2019
817,2019-01-06,January,2019
818,2019-01-07,January,2019
819,2019-01-08,January,2019
820,2019-01-09,January,2019
821,2019-01-10,January,2019
822,2019-01-11,January,2019
823,2019-01-12,January,2019
824,2019-01-13,January,2019
825,2019-01-14,January,2019
826,2019-01-15,January,2019
827,2019-01-16,January,2019
828,2019-01-17,January,2019
829,2019-01-18,January,2019
830,2019-01-19,January,2019
831,2019-01-20,January,2019
832,2019-01-21,January,2019
833,2019-01-22,January,2019
834,2019-01-23,January,2019
835,2019-01-24,January,2019
836,2019-01-25,January,2019
837,2019-01-26,January,2019
838,2019-01-27,January,2019
839,2019-01-28,January,2019
840,2019-01-29,January,2019
841,2019-01-30,January,2019
842,2019-01-31,January,2019
843,2019-02-01,February,2019
844,2019-02-02,February,2019
845,2019-02-03,February,2019
846,2019-02-04,February,2019
847,2019-02-05,February,2019
848,2019-02-06,February,2019
849,2019-02-07,February,2019
850,2019-02-08,February,2019
851,2019-02-09,February,2019
852,2019-02-10,February,2019
853,2019-02-11,February,2019
854,2019-02-12,February,2019
855,2019-02-13,February,2019
856,2019-02-14,February,2019
857,2019-02-15,February,2019
858,2019-02-16,February,2019
859,2019-02-17,February,2019
860,2019-02-18,February,2019
861,2019-02-19,February,2019
862,2019-02-20,February,2019
863,2019-02-21,February,2019
864,2019-02-22,February,2019
865,2019-02-23,February,2019
866,2019-02-24,February,2019
867,2019-02-25,February,2019
868,2019-02-26,February,2019
869,2019-02-27,February,2019
870,2019-02-28,February,2019
871,2019-03-01,March,2019
872,2019-03-02,March,2019
873,2019-03-03,March,2019
874,2019-03-04,March,2019
875,2019-03-05,March,2019
876,2019-03-06,March,2019
877,2019-03-07,March,2019
878,2019-03-08,March,2019
879,2019-03-09,March,2019
880,2019-03-10,March,2019
881,2019-03-11,March,2019
882,2019-03-12,March,2019
883,2019-03-13,March,2019
884,2019-03-14,March,2019
885,2019-03-15,March,2019
886,2019-03-16,March,2019
887,2019-03-17,March,2019
888,2019-03-18,March,2019
889,2019-03-19,March,2019
890,2019-03-20,March,2019
891,2019-03-21,March,2019
892,2019-03-22,March,2019
893,2019-03-23,March,2019
894,2019-03-24,March,2019
895,2019-03-25,March,2019
896,2019-03-26,March,2019
897,2019-03-27,March,2019
898,2019-03-28,March,2019
899,2019-03-29,March,2019
900,2019-03-30,March,2019
901,2019-03-31,March,2019
902,2019-04-01,April,2019
903,2019-04-02,April,2019
904,2019-04-03,April,2019
905,2019-04-04,April,2019
906,2019-04-05,April,2019
907,2019-04-06,April,2019
908,2019-04-07,April,2019
909,2019-04-08,April,2019
910,2019-04-09,April,2019
911,2019-04-10,April,2019
912,2019-04-11,April,2019
913,2019-04-12,April,2019
914,2019-04-13,April,2019
915,2019-04-14,April,2019
916,2019-04-15,April,2019
917,2019-04-16,April,2019
918,2019-04-17,April,2019
919,2019-04-18,April,2019
920,2019-04-19,April,2019
921,2019-04-20,April,2019
922,2019-04-21,April,2019
923,2019-04-22,April,2019
924,2019-04-23,April,2019
925,2019-04-24,April,2019
926,2019-04-25,April,2019
927,2019-04-26,April,2019
928,2019-04-27,April,2019
929,2019-04-28,April,2019
930,2019-04-29,April,2019
931,2019-04-30,April,2019
932,2019-05-01,May,2019
933,2019-05-02,May,2019
934,2019-05-03,May,2019
935,2019-05-04,May,2019
936,2019-05-05,May,2019
937,2019-05-06,May,2019
938,2019-05-07,May,2019
939,2019-05-08,May,2019
940,2019-05-09,May,2019
941,2019-05-10,May,2019
942,2019-05-11,May,2019
943,2019-05-12,May,2019
944,2019-05-13,May,2019
945,2019-05-14,May,2019
946,2019-05-15,May,2019
947,2019-05-16,May,2019
948,2019-05-17,May,2019
949,2019-05-18,May,2019
950,2019-05-19,May,2019
951,2019-05-20,May,2019
952,2019-05-21,May,2019
953,2019-05-22,May,2019
954,2019-05-23,May,2019
955,2019-05-24,May,2019
956,2019-05-25,May,2019
957,2019-05-26,May,2019
958,2019-05-27,May,2019
959,2019-05-28,May,2019
960,2019-05-29,May,2019
961,2019-05-30,May,2019
962,2019-05-31,May,2019
963,2019-06-01,June,2019
964,2019-06-02,June,2019
965,2019-06-03,June,2019
966,2019-06-04,June,2019
967,2019-06-05,June,2019
968,2019-06-06,June,2019
969,2019-06-07,June,2019
970,2019-06-08,June,2019
971,2019-06-09,June,2019
972,2019-06-10,June,2019
973,2019-06-11,June,2019
974,2019-06-12,June,2019
975,2019-06-13,June,2019
976,2019-06-14,June,2019
977,2019-06-15,June,2019
978,2019-06-16,June,2019
979,2019-06-17,June,2019
980,2019-06-18,June,2019
981,2019-06-19,June,2019
982,2019-06-20,June,2019
983,2019-06-21,June,2019
984,2019-06-22,June,2019
985,2019-06-23,June,2019
986,2019-06-24,June,2019
987,2019-06-25,June,2019
988,2019-06-26,June,2019
989,2019-06-27,June,2019
990,2019-06-28,June,2019
991,2019-06-29,June,2019
992,2019-06-30,June,2019
993,2019-07-01,July,2019
994,2019-07-02,July,2019
995,2019-07-03,July,2019
996,2019-07-04,July,2019
997,2019-07-05,July,2019
998,2019-07-06,July,2019
999,2019-07-07,July,2019
1000,2019-07-08,July,2019
1001,2019-07-09,July,2019
1002,2019-07-10,July,2019
1003,2019-07-11,July,2019
1004,2019-07-12,July,2019
1005,2019-07-13,July,2019
1006,2019-07-14,July,2019
1007,2019-07-15,July,2019
1008,2019-07-16,July,2019
1009,2019-07-17,July,2019
1010,2019-07-18,July,2019
1011,2019-07-19,July,2019
1012,2019-07-20,July,2019
1013,2019-07-21,July,2019
1014,2019-07-22,July,2019
1015,2019-07-23,July,2019
1016,2019-07-24,July,2019
1017,2019-07-25,July,2019
1018,2019-07-26,July,2019
1019,2019-07-27,July,2019
1020,2019-07-28,July,2019
1021,2019-07-29,July,2019
1022,2019-07-30,July,2019
1023,2019-07-31,July,2019
1024,2019-08-01,August,2019
1025,2019-08-02,August,2019
1026,2019-08-03,August,2019
1027,2019-08-04,August,2019
1028,2019-08-05,August,2019
1029,2019-08-06,August,2019
1030,2019-08-07,August,2019
1031,2019-08-08,August,2019
1032,2019-08-09,August,2019
1033,2019-08-10,August,2019
1034,2019-08-11,August,2019
1035,2019-08-12,August,2019
1036,2019-08-13,August,2019
1037,2019-08-14,August,2019
1038,2019-08-15,August,2019
1039,2019-08-16,August,2019
1040,2019-08-17,August,2019
1041,2019-08-18,August,2019
1042,2019-08-19,August,2019
1043,2019-08-20,August,2019
1044,2019-08-21,August,2019
1045,2019-08-22,August,2019
1046,2019-08-23,August,2019
1047,2019-08-24,August,2019
1048,2019-08-25,August,2019
1049,2019-08-26,August,2019
1050,2019-08-27,August,2019
1051,2019-08-28,August,2019
1052,2019-08-29,August,2019
1053,2019-08-30,August,2019
1054,2019-08-31,August,2019
1055,2019-09-01,September,2019
1056,2019-09-02,September,2019
1057,2019-09-03,September,2019
1058,2019-09-04,September,2019
1059,2019-09-05,September,2019
1060,2019-09-06,September,2019
1061,2019-09-07,September,2019
1062,2019-09-08,September,2019
1063,2019-09-09,September,2019
1064,2019-09-10,September,2019
1065,2019-09-11,September,2019
1066,2019-09-12,September,2019
1067,2019-09-13,September,2019
1068,2019-09-14,September,2019
1069,2019-09-15,September,2019
1070,2019-09-16,September,2019
1071,2019-09-17,September,2019
1072,2019-09-18,September,2019
1073,2019-09-19,September,2019
1074,2019-09-20,September,2019
1075,2019-09-21,September,2019
1076,2019-09-22,September,2019
1077,2019-09-23,September,2019
1078,2019-09-24,September,2019
1079,2019-09-25,September,2019
1080,2019-09-26,September,2019
1081,2019-09-27,September,2019
1082,2019-09-28,September,2019
1083,2019-09-29,September,2019
1084,2019-09-30,September,2019
1085,2019-10-01,October,2019
1086,2019-10-02,October,2019
1087,2019-10-03,October,2019
1088,2019-10-04,October,2019
1089,2019-10-05,October,2019
1090,2019-10-06,October,2019
1091,2019-10-07,October,2019
1092,2019-10-08,October,2019
1093,2019-10-09,October,2019
1094,2019-10-10,October,2019
1095,2019-10-11,October,2019
1096,2019-10-12,October,2019
1097,2019-10-13,October,2019
1098,2019-10-14,October,2019
1099,2019-10-15,October,2019
1100,2019-10-16,October,2019
1101,2019-10-17,October,2019
1102,2019-10-18,October,2019
1103,2019-10-19,October,2019
1104,2019-10-20,October,2019
1105,2019-10-21,October,2019
1106,2019-10-22,October,2019
1107,2019-10-23,October,2019
1108,2019-10-24,October,2019
1109,2019-10-25,October,2019
1110,2019-10-26,October,2019
1111,2019-10-27,October,2019
1112,2019-10-28,October,2019
1113,2019-10-29,October,2019
1114,2019-10-30,October,2019
1115,2019-10-31,October,2019
1116,2019-11-01,November,2019
1117,2019-11-02,November,2019
1118,2019-11-03,November,2019
1119,2019-11-04,November,2019
1120,2019-11-05,November,2019
1121,2019-11-06,November,2019
1122,2019-11-07,November,2019
1123,2019-11-08,November,2019
1124,2019-11-09,November,2019
1125,2019-11-10,November,2019
1126,2019-11-11,November,2019
1127,2019-11-12,November,2019
1128,2019-11-13,November,2019
1129,2019-11-14,November,2019
1130,2019-11-15,November,2019
1131,2019-11-16,November,2019
1132,2019-11-17,November,2019
1133,2019-11-18,November,2019
1134,2019-11-19,November,2019
1135,2019-11-20,November,2019
1136,2019-11-21,November,2019
1137,2019-11-22,November,2019
1138,2019-11-23,November,2019
1139,2019-11-24,November,2019
1140,2019-11-25,November,2019
1141,2019-11-26,November,2019
1142,2019-11-27,November,2019
1143,2019-11-28,November,2019
1144,2019-11-29,November,2019
1145,2019-11-30,November,2019
1146,2019-12-01,December,2019
1147,2019-12-02,December,2019
1148,2019-12-03,December,2019
1149,2019-12-04,December,2019
1150,2019-12-05,December,2019
1151,2019-12-06,December,2019
1152,2019-12-07,December,2019
1153,2019-12-08,December,2019
1154,2019-12-09,December,2019
1155,2019-12-10,December,2019
1156,2019-12-11,December,2019
1157,2019-12-12,December,2019
1158,2019-12-13,December,2019
1159,2019-12-14,December,2019
1160,2019-12-15,December,2019
1161,2019-12-16,December,2019
1162,2019-12-17,December,2019
1163,2019-12-18,December,2019
1164,2019-12-19,December,2019
1165,2019-12-20,December,2019
1166,2019-12-21,December,2019
1167,2019-12-22,December,2019
1168,2019-12-23,December,2019
1169,2019-12-24,December,2019
1170,2019-12-25,December,2019
1171,2019-12-26,December,2019
1172,2019-12-27,December,2019
1173,2019-12-28,December,2019
1174,2019-12-29,December,2019
1175,2019-12-30,December,2019
1176,2019-12-31,December,2019
1177,2020-01-01,January,2020
1178,2020-01-02,January,2020
1179,2020-01-03,January,2020
1180,2020-01-04,January,2020
1181,2020-01-05,January,2020
1182,2020-01-06,January,2020
1183,2020-01-07,January,2020
1184,2020-01-08,January,2020
1185,2020-01-09,January,2020
1186,2020-01-10,January,2020
1187,2020-01-11,January,2020
1188,2020-01-12,January,2020
1189,2020-01-13,January,2020
1190,2020-01-14,January,2020
1191,2020-01-15,January,2020
1192,2020-01-16,January,2020
1193,2020-01-17,January,2020
1194,2020-01-18,January,2020
1195,2020-01-19,January,2020
1196,2020-01-20,January,2020
1197,2020-01-21,January,2020
1198,2020-01-22,January,2020
1199,2020-01-23,January,2020
1200,2020-01-24,January,2020
1201,2020-01-25,January,2020
1202,2020-01-26,January,2020
1203,2020-01-27,January,2020
1204,2020-01-28,January,2020
1205,2020-01-29,January,2020
1206,2020-01-30,January,2020
1207,2020-01-31,January,2020
1208,2020-02-01,February,2020
1209,2020-02-02,February,2020
1210,2020-02-03,February,2020
1211,2020-02-04,February,2020
1212,2020-02-05,February,2020
1213,2020-02-06,February,2020
1214,2020-02-07,February,2020
1215,2020-02-08,February,2020
1216,2020-02-09,February,2020
1217,2020-02-10,February,2020
1218,2020-02-11,February,2020
1219,2020-02-12,February,2020
1220,2020-02-13,February,2020
1221,2020-02-14,February,2020
1222,2020-02-15,February,2020
1223,2020-02-16,February,2020
1224,2020-02-17,February,2020
1225,2020-02-18,February,2020
1226,2020-02-19,February,2020
1227,2020-02-20,February,2020
1228,2020-02-21,February,2020
1229,2020-02-22,February,2020
1230,2020-02-23,February,2020
1231,2020-02-24,February,2020
1232,2020-02-25,February,2020
1233,2020-02-26,February,2020
1234,2020-02-27,February,2020
1235,2020-02-28,February,2020
1236,2020-02-29,February,2020
1237,2020-03-01,March,2020
1238,2020-03-02,March,2020
1239,2020-03-03,March,2020
1240,2020-03-04,March,2020
1241,2020-03-05,March,2020
1242,2020-03-06,March,2020
1243,2020-03-07,March,2020
1244,2020-03-08,March,2020
1245,2020-03-09,March,2020
1246,2020-03-10,March,2020
1247,2020-03-11,March,2020
1248,2020-03-12,March,2020
1249,2020-03-13,March,2020
1250,2020-03-14,March,2020
1251,2020-03-15,March,2020
1252,2020-03-16,March,2020
1253,2020-03-17,March,2020
1254,2020-03-18,March,2020
1255,2020-03-19,March,2020
1256,2020-03-20,March,2020
1257,2020-03-21,March,2020
1258,2020-03-22,March,2020
1259,2020-03-23,March,2020
1260,2020-03-24,March,2020
1261,2020-03-25,March,2020
1262,2020-03-26,March,2020
1263,2020-03-27,March,2020
1264,2020-03-28,March,2020
1265,2020-03-29,March,2020
1266,2020-03-30,March,2020
1267,2020-03-31,March,2020
1268,2020-04-01,April,2020
1269,2020-04-02,April,2020
1270,2020-04-03,April,2020
1271,2020-04-04,April,2020
1272,2020-04-05,April,2020
1273,2020-04-06,April,2020
1274,2020-04-07,April,2020
1275,2020-04-08,April,2020
1276,2020-04-09,April,2020
1277,2020-04-10,April,2020
1278,2020-04-11,April,2020
1279,2020-04-12,April,2020
1280,2020-04-13,April,2020
1281,2020-04-14,April,2020
1282,2020-04-15,April,2020
1283,2020-04-16,April,2020
1284,2020-04-17,April,2020
1285,2020-04-18,April,2020
1286,2020-04-19,April,2020
1287,2020-04-20,April,2020
1288,2020-04-21,April,2020
1289,2020-04-22,April,2020
1290,2020-04-23,April,2020
1291,2020-04-24,April,2020
1292,2020-04-25,April,2020
1293,2020-04-26,April,2020
1294,2020-04-27,April,2020
1295,2020-04-28,April,2020
1296,2020-04-29,April,2020
1297,2020-04-30,April,2020
1298,2020-05-01,May,2020
1299,2020-05-02,May,2020
1300,2020-05-03,May,2020
1301,2020-05-04,May,2020
1302,2020-05-05,May,2020
1303,2020-05-06,May,2020
1304,2020-05-07,May,2020
1305,2020-05-08,May,2020
1306,2020-05-09,May,2020
1307,2020-05-10,May,2020
1308,2020-05-11,May,2020
1309,2020-05-12,May,2020
1310,2020-05-13,May,2020
1311,2020-05-14,May,2020
1312,2020-05-15,May,2020
1313,2020-05-16,May,2020
1314,2020-05-17,May,2020
1315,2020-05-18,May,2020
1316,2020-05-19,May,2020
1317,2020-05-20,May,2020
1318,2020-05-21,May,2020
1319,2020-05-22,May,2020
1320,2020-05-23,May,2020
1321,2020-05-24,May,2020
1322,2020-05-25,May,2020
1323,2020-05-26,May,2020
1324,2020-05-27,May,2020
1325,2020-05-28,May,2020
1326,2020-05-29,May,2020
1327,2020-05-30,May,2020
1328,2020-05-31,May,2020
1329,2020-06-01,June,2020
1330,2020-06-02,June,2020
1331,2020-06-03,June,2020
1332,2020-06-04,June,2020
1333,2020-06-05,June,2020
1334,2020-06-06,June,2020
1335,2020-06-07,June,2020
1336,2020-06-08,June,2020
1337,2020-06-09,June,2020
1338,2020-06-10,June,2020
1339,2020-06-11,June,2020
1340,2020-06-12,June,2020
1341,2020-06-13,June,2020
1342,2020-06-14,June,2020
1343,2020-06-15,June,2020
1344,2020-06-16,June,2020
1345,2020-06-17,June,2020
1346,2020-06-18,June,2020
1347,2020-06-19,June,2020
1348,2020-06-20,June,2020
1349,2020-06-21,June,2020
1350,2020-06-22,June,2020
1351,2020-06-23,June,2020
1352,2020-06-24,June,2020
1353,2020-06-25,June,2020
1354,2020-06-26,June,2020
1355,2020-06-27,June,2020
1356,2020-06-28,June,2020
1357,2020-06-29,June,2020
1358,2020-06-30,June,2020
1359,2020-07-01,July,2020
1360,2020-07-02,July,2020
1361,2020-07-03,July,2020
1362,2020-07-04,July,2020
1363,2020-07-05,July,2020
1364,2020-07-06,July,2020
1365,2020-07-07,July,2020
1366,2020-07-08,July,2020
1367,2020-07-09,July,2020
1368,2020-07-10,July,2020
1369,2020-07-11,July,2020
1370,2020-07-12,July,2020
1371,2020-07-13,July,2020
1372,2020-07-14,July,2020
1373,2020-07-15,July,2020
1374,2020-07-16,July,2020
1375,2020-07-17,July,2020
1376,2020-07-18,July,2020
1377,2020-07-19,July,2020
1378,2020-07-20,July,2020
1379,2020-07-21,July,2020
1380,2020-07-22,July,2020
1381,2020-07-23,July,2020
1382,2020-07-24,July,2020
1383,2020-07-25,July,2020
1384,2020-07-26,July,2020
1385,2020-07-27,July,2020
1386,2020-07-28,July,2020
1387,2020-07-29,July,2020
1388,2020-07-30,July,2020
1389,2020-07-31,July,2020
1390,2020-08-01,August,2020
1391,2020-08-02,August,2020
1392,2020-08-03,August,2020
1393,2020-08-04,August,2020
1394,2020-08-05,August,2020
1395,2020-08-06,August,2020
1396,2020-08-07,August,2020
1397,2020-08-08,August,2020
1398,2020-08-09,August,2020
1399,2020-08-10,August,2020
1400,2020-08-11,August,2020
1401,2020-08-12,August,2020
1402,2020-08-13,August,2020
1403,2020-08-14,August,2020
1404,2020-08-15,August,2020
1405,2020-08-16,August,2020
1406,2020-08-17,August,2020
1407,2020-08-18,August,2020
1408,2020-08-19,August,2020
1409,2020-08-20,August,2020
1410,2020-08-21,August,2020
1411,2020-08-22,August,2020
1412,2020-08-23,August,2020
1413,2020-08-24,August,2020
1414,2020-08-25,August,2020
1415,2020-08-26,August,2020
1416,2020-08-27,August,2020
1417,2020-08-28,August,2020
1418,2020-08-29,August,2020
1419,2020-08-30,August,2020
1420,2020-08-31,August,2020
1421,2020-09-01,September,2020
1422,2020-09-02,September,2020
1423,2020-09-03,September,2020
1424,2020-09-04,September,2020
1425,2020-09-05,September,2020
1426,2020-09-06,September,2020
1427,2020-09-07,September,2020
1428,2020-09-08,September,2020
1429,2020-09-09,September,2020
1430,2020-09-10,September,2020
1431,2020-09-11,September,2020
1432,2020-09-12,September,2020
1433,2020-09-13,September,2020
1434,2020-09-14,September,2020
1435,2020-09-15,September,2020
1436,2020-09-16,September,2020
1437,2020-09-17,September,2020
1438,2020-09-18,September,2020
1439,2020-09-19,September,2020
1440,2020-09-20,September,2020
1441,2020-09-21,September,2020
1442,2020-09-22,September,2020
1443,2020-09-23,September,2020
1444,2020-09-24,September,2020
1445,2020-09-25,September,2020
1446,2020-09-26,September,2020
1447,2020-09-27,September,2020
1448,2020-09-28,September,2020
1449,2020-09-29,September,2020
1450,2020-09-30,September,2020
1451,2020-10-01,October,2020
1452,2020-10-02,October,2020
1453,2020-10-03,October,2020
1454,2020-10-04,October,2020
1455,2020-10-05,October,2020
1456,2020-10-06,October,2020
1457,2020-10-07,October,2020
1458,2020-10-08,October,2020
1459,2020-10-09,October,2020
1460,2020-10-10,October,2020
1461,2020-10-11,October,2020
1462,2020-10-12,October,2020
1463,2020-10-13,October,2020
1464,2020-10-14,October,2020
1465,2020-10-15,October,2020
1466,2020-10-16,October,2020
1467,2020-10-17,October,2020
1468,2020-10-18,October,2020
1469,2020-10-19,October,2020
1470,2020-10-20,October,2020
1471,2020-10-21,October,2020
1472,2020-10-22,October,2020
1473,2020-10-23,October,2020
1474,2020-10-24,October,2020
1475,2020-10-25,October,2020
1476,2020-10-26,October,2020
1477,2020-10-27,October,2020
1478,2020-10-28,October,2020
1479,2020-10-29,October,2020
1480,2020-10-30,October,2020
1481,2020-10-31,October,2020
1482,2020-11-01,November,2020
1483,2020-11-02,November,2020
1484,2020-11-03,November,2020
1485,2020-11-04,November,2020
1486,2020-11-05,November,2020
1487,2020-11-06,November,2020
1488,2020-11-07,November,2020
1489,2020-11-08,November,2020
1490,2020-11-09,November,2020
1491,2020-11-10,November,2020
1492,2020-11-11,November,2020
1493,2020-11-12,November,2020
1494,2020-11-13,November,2020
1495,2020-11-14,November,2020
1496,2020-11-15,November,2020
1497,2020-11-16,November,2020
1498,2020-11-17,November,2020
1499,2020-11-18,November,2020
1500,2020-11-19,November,2020
1501,2020-11-20,November,2020
1502,2020-11-21,November,2020
1503,2020-11-22,November,2020
1504,2020-11-23,November,2020
1505,2020-11-24,November,2020
1506,2020-11-25,November,2020
1507,2020-11-26,November,2020
1508,2020-11-27,November,2020
1509,2020-11-28,November,2020
1510,2020-11-29,November,2020
1511,2020-11-30,November,2020
1512,2020-12-01,December,2020
1513,2020-12-02,December,2020
1514,2020-12-03,December,2020
1515,2020-12-04,December,2020
1516,2020-12-05,December,2020
1517,2020-12-06,December,2020
1518,2020-12-07,December,2020
1519,2020-12-08,December,2020
1520,2020-12-09,December,2020
1521,2020-12-10,December,2020
1522,2020-12-11,December,2020
1523,2020-12-12,December,2020
1524,2020-12-13,December,2020
1525,2020-12-14,December,2020
1526,2020-12-15,December,2020
1527,2020-12-16,December,2020
1528,2020-12-17,December,2020
1529,2020-12-18,December,2020
1530,2020-12-19,December,2020
1531,2020-12-20,December,2020
1532,2020-12-21,December,2020
1533,2020-12-22,December,2020
1534,2020-12-23,December,2020
1535,2020-12-24,December,2020
1536,2020-12-25,December,2020
1537,2020-12-26,December,2020
1538,2020-12-27,December,2020
1539,2020-12-28,December,2020
1540,2020-12-29,December,2020
1541,2020-12-30,December,2020
1542,2020-12-31,December,2020
1543,2021-01-01,January,2021
1544,2021-01-02,January,2021
1545,2021-01-03,January,2021
1546,2021-01-04,January,2021
1547,2021-01-05,January,2021
1548,2021-01-06,January,2021
1549,2021-01-07,January,2021
1550,2021-01-08,January,2021
1551,2021-01-09,January,2021
1552,2021-01-10,January,2021
1553,2021-01-11,January,2021
1554,2021-01-12,January,2021
1555,2021-01-13,January,2021
1556,2021-01-14,January,2021
1557,2021-01-15,January,2021
1558,2021-01-16,January,2021
1559,2021-01-17,January,2021
1560,2021-01-18,January,2021
1561,2021-01-19,January,2021
1562,2021-01-20,January,2021
1563,2021-01-21,January,2021
1564,2021-01-22,January,2021
1565,2021-01-23,January,2021
1566,2021-01-24,January,2021
1567,2021-01-25,January,2021
1568,2021-01-26,January,2021
1569,2021-01-27,January,2021
1570,2021-01-28,January,2021
1571,2021-01-29,January,2021
1572,2021-01-30,January,2021
1573,2021-01-31,January,2021
1574,2021-02-01,February,2021
1575,2021-02-02,February,2021
1576,2021-02-03,February,2021
1577,2021-02-04,February,2021
1578,2021-02-05,February,2021
1579,2021-02-06,February,2021
1580,2021-02-07,February,2021
1581,2021-02-08,February,2021
1582,2021-02-09,February,2021
1583,2021-02-10,February,2021
1584,2021-02-11,February,2021
1585,2021-02-12,February,2021
1586,2021-02-13,February,2021
1587,2021-02-14,February,2021
1588,2021-02-15,February,2021
1589,2021-02-16,February,2021
1590,2021-02-17,February,2021
1591,2021-02-18,February,2021
1592,2021-02-19,February,2021
1593,2021-02-20,February,2021
1594,2021-02-21,February,2021
1595,2021-02-22,February,2021
1596,2021-02-23,February,2021
1597,2021-02-24,February,2021
1598,2021-02-25,February,2021
1599,2021-02-26,February,2021
1600,2021-02-27,February,2021
1601,2021-02-28,February,2021
1602,2021-03-01,March,2021
1603,2021-03-02,March,2021
1604,2021-03-03,March,2021
1605,2021-03-04,March,2021
1606,2021-03-05,March,2021
1607,2021-03-06,March,2021
1608,2021-03-07,March,2021
1609,2021-03-08,March,2021
1610,2021-03-09,March,2021
1611,2021-03-10,March,2021
1612,2021-03-11,March,2021
1613,2021-03-12,March,2021
1614,2021-03-13,March,2021
1615,2021-03-14,March,2021
1616,2021-03-15,March,2021
1617,2021-03-16,March,2021
1618,2021-03-17,March,2021
1619,2021-03-18,March,2021
1620,2021-03-19,March,2021
1621,2021-03-20,March,2021
1622,2021-03-21,March,2021
1623,2021-03-22,March,2021
1624,2021-03-23,March,2021
1625,2021-03-24,March,2021
1626,2021-03-25,March,2021
1627,2021-03-26,March,2021
1628,2021-03-27,March,2021
1629,2021-03-28,March,2021
1630,2021-03-29,March,2021
1631,2021-03-30,March,2021
1632,2021-03-31,March,2021
1633,2021-04-01,April,2021
1634,2021-04-02,April,2021
1635,2021-04-03,April,2021
1636,2021-04-04,April,2021
1637,2021-04-05,April,2021
1638,2021-04-06,April,2021
1639,2021-04-07,April,2021
1640,2021-04-08,April,2021
1641,2021-04-09,April,2021
1642,2021-04-10,April,2021
1643,2021-04-11,April,2021
1644,2021-04-12,April,2021
1645,2021-04-13,April,2021
1646,2021-04-14,April,2021
1647,2021-04-15,April,2021
1648,2021-04-16,April,2021
1649,2021-04-17,April,2021
1650,2021-04-18,April,2021
1651,2021-04-19,April,2021
1652,2021-04-20,April,2021
1653,2021-04-21,April,2021
1654,2021-04-22,April,2021
1655,2021-04-23,April,2021
1656,2021-04-24,April,2021
1657,2021-04-25,April,2021
1658,2021-04-26,April,2021
1659,2021-04-27,April,2021
1660,2021-04-28,April,2021
1661,2021-04-29,April,2021
1662,2021-04-30,April,2021
1663,2021-05-01,May,2021
1664,2021-05-02,May,2021
1665,2021-05-03,May,2021
1666,2021-05-04,May,2021
1667,2021-05-05,May,2021
1668,2021-05-06,May,2021
1669,2021-05-07,May,2021
1670,2021-05-08,May,2021
1671,2021-05-09,May,2021
1672,2021-05-10,May,2021
1673,2021-05-11,May,2021
1674,2021-05-12,May,2021
1675,2021-05-13,May,2021
1676,2021-05-14,May,2021
1677,2021-05-15,May,2021
1678,2021-05-16,May,2021
1679,2021-05-17,May,2021
1680,2021-05-18,May,2021
1681,2021-05-19,May,2021
1682,2021-05-20,May,2021
1683,2021-05-21,May,2021
1684,2021-05-22,May,2021
1685,2021-05-23,May,2021
1686,2021-05-24,May,2021
1687,2021-05-25,May,2021
1688,2021-05-26,May,2021
1689,2021-05-27,May,2021
1690,2021-05-28,May,2021
1691,2021-05-29,May,2021
1692,2021-05-30,May,2021
1693,2021-05-31,May,2021
1694,2021-06-01,June,2021
1695,2021-06-02,June,2021
1696,2021-06-03,June,2021
1697,2021-06-04,June,2021
1698,2021-06-05,June,2021
1699,2021-06-06,June,2021
1700,2021-06-07,June,2021
1701,2021-06-08,June,2021
1702,2021-06-09,June,2021
1703,2021-06-10,June,2021
1704,2021-06-11,June,2021
1705,2021-06-12,June,2021
1706,2021-06-13,June,2021
1707,2021-06-14,June,2021
1708,2021-06-15,June,2021
1709,2021-06-16,June,2021
1710,2021-06-17,June,2021
1711,2021-06-18,June,2021
1712,2021-06-19,June,2021
1713,2021-06-20,June,2021
1714,2021-06-21,June,2021
1715,2021-06-22,June,2021
1716,2021-06-23,June,2021
1717,2021-06-24,June,2021
1718,2021-06-25,June,2021
1719,2021-06-26,June,2021
1720,2021-06-27,June,2021
1721,2021-06-28,June,2021
1722,2021-06-29,June,2021
1723,2021-06-30,June,2021
1724,2021-07-01,July,2021
1725,2021-07-02,July,2021
1726,2021-07-03,July,2021
1727,2021-07-04,July,2021
1728,2021-07-05,July,2021
1729,2021-07-06,July,2021
1730,2021-07-07,July,2021
1731,2021-07-08,July,2021
1732,2021-07-09,July,2021
1733,2021-07-10,July,2021
1734,2021-07-11,July,2021
1735,2021-07-12,July,2021
1736,2021-07-13,July,2021
1737,2021-07-14,July,2021
1738,2021-07-15,July,2021
1739,2021-07-16,July,2021
1740,2021-07-17,July,2021
1741,2021-07-18,July,2021
1742,2021-07-19,July,2021
1743,2021-07-20,July,2021
1744,2021-07-21,July,2021
1745,2021-07-22,July,2021
1746,2021-07-23,July,2021
1747,2021-07-24,July,2021
1748,2021-07-25,July,2021
1749,2021-07-26,July,2021
1750,2021-07-27,July,2021
1751,2021-07-28,July,2021
1752,2021-07-29,July,2021
1753,2021-07-30,July,2021
1754,2021-07-31,July,2021
1755,2021-08-01,August,2021
1756,2021-08-02,August,2021
1757,2021-08-03,August,2021
1758,2021-08-04,August,2021
1759,2021-08-05,August,2021
1760,2021-08-06,August,2021
1761,2021-08-07,August,2021
1762,2021-08-08,August,2021
1763,2021-08-09,August,2021
1764,2021-08-10,August,2021
1765,2021-08-11,August,2021
1766,2021-08-12,August,2021
1767,2021-08-13,August,2021
1768,2021-08-14,August,2021
1769,2021-08-15,August,2021
1770,2021-08-16,August,2021
1771,2021-08-17,August,2021
1772,2021-08-18,August,2021
1773,2021-08-19,August,2021
1774,2021-08-20,August,2021
1775,2021-08-21,August,2021
1776,2021-08-22,August,2021
1777,2021-08-23,August,2021
1778,2021-08-24,August,2021
1779,2021-08-25,August,2021
1780,2021-08-26,August,2021
1781,2021-08-27,August,2021
1782,2021-08-28,August,2021
1783,2021-08-29,August,2021
1784,2021-08-30,August,2021
1785,2021-08-31,August,2021
1786,2021-09-01,September,2021
1787,2021-09-02,September,2021
1788,2021-09-03,September,2021
1789,2021-09-04,September,2021
1790,2021-09-05,September,2021
1791,2021-09-06,September,2021
1792,2021-09-07,September,2021
1793,2021-09-08,September,2021
1794,2021-09-09,September,2021
1795,2021-09-10,September,2021
1796,2021-09-11,September,2021
1797,2021-09-12,September,2021
1798,2021-09-13,September,2021
1799,2021-09-14,September,2021
1800,2021-09-15,September,2021
1801,2021-09-16,September,2021
1802,2021-09-17,September,2021
1803,2021-09-18,September,2021
1804,2021-09-19,September,2021
1805,2021-09-20,September,2021
1806,2021-09-21,September,2021
1807,2021-09-22,September,2021
1808,2021-09-23,September,2021
1809,2021-09-24,September,2021
1810,2021-09-25,September,2021
1811,2021-09-26,September,2021
1812,2021-09-27,September,2021
1813,2021-09-28,September,2021
1814,2021-09-29,September,2021
1815,2021-09-30,September,2021
1816,2021-10-01,October,2021
1817,2021-10-02,October,2021
1818,2021-10-03,October,2021
1819,2021-10-04,October,2021
1820,2021-10-05,October,2021
1821,2021-10-06,October,2021
1822,2021-10-07,October,2021
1823,2021-10-08,October,2021
1824,2021-10-09,October,2021
1825,2021-10-10,October,2021
1826,2021-10-11,October,2021
1827,2021-10-12,October,2021
1828,2021-10-13,October,2021
1829,2021-10-14,October,2021
1830,2021-10-15,October,2021
1831,2021-10-16,October,2021
1832,2021-10-17,October,2021
1833,2021-10-18,October,2021
1834,2021-10-19,October,2021
1835,2021-10-20,October,2021
1836,2021-10-21,October,2021
1837,2021-10-22,October,2021
1838,2021-10-23,October,2021
1839,2021-10-24,October,2021
1840,2021-10-25,October,2021
1841,2021-10-26,October,2021
1842,2021-10-27,October,2021
1843,2021-10-28,October,2021
1844,2021-10-29,October,2021
1845,2021-10-30,October,2021
1846,2021-10-31,October,2021
1847,2021-11-01,November,2021
1848,2021-11-02,November,2021
1849,2021-11-03,November,2021
1850,2021-11-04,November,2021
1851,2021-11-05,November,2021
1852,2021-11-06,November,2021
1853,2021-11-07,November,2021
1854,2021-11-08,November,2021
1855,2021-11-09,November,2021
1856,2021-11-10,November,2021
1857,2021-11-11,November,2021
1858,2021-11-12,November,2021
1859,2021-11-13,November,2021
1860,2021-11-14,November,2021
1861,2021-11-15,November,2021
1862,2021-11-16,November,2021
1863,2021-11-17,November,2021
1864,2021-11-18,November,2021
1865,2021-11-19,November,2021
1866,2021-11-20,November,2021
1867,2021-11-21,November,2021
1868,2021-11-22,November,2021
1869,2021-11-23,November,2021
1870,2021-11-24,November,2021
1871,2021-11-25,November,2021
1872,2021-11-26,November,2021
1873,2021-11-27,November,2021
1874,2021-11-28,November,2021
1875,2021-11-29,November,2021
1876,2021-11-30,November,2021
1877,2021-12-01,December,2021
1878,2021-12-02,December,2021
1879,2021-12-03,December,2021
1880,2021-12-04,December,2021
1881,2021-12-05,December,2021
1882,2021-12-06,December,2021
1883,2021-12-07,December,2021
1884,2021-12-08,December,2021
1885,2021-12-09,December,2021
1886,2021-12-10,December,2021
1887,2021-12-11,December,2021
1888,2021-12-12,December,2021
1889,2021-12-13,December,2021
1890,2021-12-14,December,2021
1891,2021-12-15,December,2021
1892,2021-12-16,December,2021
1893,2021-12-17,December,2021
1894,2021-12-18,December,2021
1895,2021-12-19,December,2021
1896,2021-12-20,December,2021
1897,2021-12-21,December,2021
1898,2021-12-22,December,2021
1899,2021-12-23,December,2021
1900,2021-12-24,December,2021
1901,2021-12-25,December,2021
1902,2021-12-26,December,2021
1903,2021-12-27,December,2021
1904,2021-12-28,December,2021
1905,2021-12-29,December,2021
1906,2021-12-30,December,2021
1907,2021-12-31,December,2021
1908,2022-01-01,January,2022
1909,2022-01-02,January,2022
1910,2022-01-03,January,2022
1911,2022-01-04,January,2022
1912,2022-01-05,January,2022
1913,2022-01-06,January,2022
1914,2022-01-07,January,2022
1915,2022-01-08,January,2022
1916,2022-01-09,January,2022
1917,2022-01-10,January,2022
1918,2022-01-11,January,2022
1919,2022-01-12,January,2022
1920,2022-01-13,January,2022
1921,2022-01-14,January,2022
1922,2022-01-15,January,2022
1923,2022-01-16,January,2022
1924,2022-01-17,January,2022
1925,2022-01-18,January,2022
1926,2022-01-19,January,2022
1927,2022-01-20,January,2022
1928,2022-01-21,January,2022
1929,2022-01-22,January,2022
1930,2022-01-23,January,2022
1931,2022-01-24,January,2022
1932,2022-01-25,January,2022
1933,2022-01-26,January,2022
1934,2022-01-27,January,2022
1935,2022-01-28,January,2022
1936,2022-01-29,January,2022
1937,2022-01-30,January,2022
1938,2022-01-31,January,2022
1939,2022-02-01,February,2022
1940,2022-02-02,February,2022
1941,2022-02-03,February,2022
1942,2022-02-04,February,2022
1943,2022-02-05,February,2022
1944,2022-02-06,February,2022
1945,2022-02-07,February,2022
1946,2022-02-08,February,2022
1947,2022-02-09,February,2022
1948,2022-02-10,February,2022
1949,2022-02-11,February,2022
1950,2022-02-12,February,2022
1951,2022-02-13,February,2022
1952,2022-02-14,February,2022
1953,2022-02-15,February,2022
1954,2022-02-16,February,2022
1955,2022-02-17,February,2022
1956,2022-02-18,February,2022
1957,2022-02-19,February,2022
1958,2022-02-20,February,2022
1959,2022-02-21,February,2022
1960,2022-02-22,February,2022
1961,2022-02-23,February,2022
1962,2022-02-24,February,2022
1963,2022-02-25,February,2022
1964,2022-02-26,February,2022
1965,2022-02-27,February,2022
1966,2022-02-28,February,2022
1967,2022-03-01,March,2022
1968,2022-03-02,March,2022
1969,2022-03-03,March,2022
1970,2022-03-04,March,2022
1971,2022-03-05,March,2022
1972,2022-03-06,March,2022
1973,2022-03-07,March,2022
1974,2022-03-08,March,2022
1975,2022-03-09,March,2022
1976,2022-03-10,March,2022
1977,2022-03-11,March,2022
1978,2022-03-12,March,2022
1979,2022-03-13,March,2022
1980,2022-03-14,March,2022
1981,2022-03-15,March,2022
1982,2022-03-16,March,2022
1983,2022-03-17,March,2022
1984,2022-03-18,March,2022
1985,2022-03-19,March,2022
1986,2022-03-20,March,2022
1987,2022-03-21,March,2022
1988,2022-03-22,March,2022
1989,2022-03-23,March,2022
1990,2022-03-24,March,2022
1991,2022-03-25,March,2022
1992,2022-03-26,March,2022
1993,2022-03-27,March,2022
1994,2022-03-28,March,2022
1995,2022-03-29,March,2022
1996,2022-03-30,March,2022
1997,2022-03-31,March,2022
1998,2022-04-01,April,2022
1999,2022-04-02,April,2022
2000,2022-04-03,April,2022
2001,2022-04-04,April,2022
2002,2022-04-05,April,2022
2003,2022-04-06,April,2022
2004,2022-04-07,April,2022
2005,2022-04-08,April,2022
2006,2022-04-09,April,2022
2007,2022-04-10,April,2022
2008,2022-04-11,April,2022
2009,2022-04-12,April,2022
2010,2022-04-13,April,2022
2011,2022-04-14,April,2022
2012,2022-04-15,April,2022
2013,2022-04-16,April,2022
2014,2022-04-17,April,2022
2015,2022-04-18,April,2022
2016,2022-04-19,April,2022
2017,2022-04-20,April,2022
2018,2022-04-21,April,2022
2019,2022-04-22,April,2022
2020,2022-04-23,April,2022
2021,2022-04-24,April,2022
2022,2022-04-25,April,2022
2023,2022-04-26,April,2022
2024,2022-04-27,April,2022
2025,2022-04-28,April,2022
2026,2022-04-29,April,2022
2027,2022-04-30,April,2022
2028,2022-05-01,May,2022
2029,2022-05-02,May,2022
2030,2022-05-03,May,2022
2031,2022-05-04,May,2022
2032,2022-05-05,May,2022
2033,2022-05-06,May,2022
2034,2022-05-07,May,2022
2035,2022-05-08,May,2022
2036,2022-05-09,May,2022
2037,2022-05-10,May,2022
2038,2022-05-11,May,2022
2039,2022-05-12,May,2022
2040,2022-05-13,May,2022
2041,2022-05-14,May,2022
2042,2022-05-15,May,2022
2043,2022-05-16,May,2022
2044,2022-05-17,May,2022
2045,2022-05-18,May,2022
2046,2022-05-19,May,2022
2047,2022-05-20,May,2022
2048,2022-05-21,May,2022
2049,2022-05-22,May,2022
2050,2022-05-23,May,2022
2051,2022-05-24,May,2022
2052,2022-05-25,May,2022
2053,2022-05-26,May,2022
2054,2022-05-27,May,2022
2055,2022-05-28,May,2022
2056,2022-05-29,May,2022
2057,2022-05-30,May,2022
2058,2022-05-31,May,2022
2059,2022-06-01,June,2022
2060,2022-06-02,June,2022
2061,2022-06-03,June,2022
2062,2022-06-04,June,2022
2063,2022-06-05,June,2022
2064,2022-06-06,June,2022
2065,2022-06-07,June,2022
2066,2022-06-08,June,2022
2067,2022-06-09,June,2022
2068,2022-06-10,June,2022
2069,2022-06-11,June,2022
2070,2022-06-12,June,2022
2071,2022-06-13,June,2022
2072,2022-06-14,June,2022
2073,2022-06-15,June,2022
2074,2022-06-16,June,2022
2075,2022-06-17,June,2022
2076,2022-06-18,June,2022
2077,2022-06-19,June,2022
2078,2022-06-20,June,2022
2079,2022-06-21,June,2022
2080,2022-06-22,June,2022
2081,2022-06-23,June,2022
2082,2022-06-24,June,2022
2083,2022-06-25,June,2022
2084,2022-06-26,June,2022
2085,2022-06-27,June,2022
2086,2022-06-28,June,2022
2087,2022-06-29,June,2022
2088,2022-06-30,June,2022
2089,2022-07-01,July,2022
2090,2022-07-02,July,2022
2091,2022-07-03,July,2022
2092,2022-07-04,July,2022
2093,2022-07-05,July,2022
2094,2022-07-06,July,2022
2095,2022-07-07,July,2022
2096,2022-07-08,July,2022
2097,2022-07-09,July,2022
2098,2022-07-10,July,2022
2099,2022-07-11,July,2022
2100,2022-07-12,July,2022
2101,2022-07-13,July,2022
2102,2022-07-14,July,2022
2103,2022-07-15,July,2022
2104,2022-07-16,July,2022
2105,2022-07-17,July,2022
2106,2022-07-18,July,2022
2107,2022-07-19,July,2022
2108,2022-07-20,July,2022
2109,2022-07-21,July,2022
2110,2022-07-22,July,2022
2111,2022-07-23,July,2022
2112,2022-07-24,July,2022
2113,2022-07-25,July,2022
2114,2022-07-26,July,2022
2115,2022-07-27,July,2022
2116,2022-07-28,July,2022
2117,2022-07-29,July,2022
2118,2022-07-30,July,2022
2119,2022-07-31,July,2022
2120,2022-08-01,August,2022
2121,2022-08-02,August,2022
2122,2022-08-03,August,2022
2123,2022-08-04,August,2022
2124,2022-08-05,August,2022
2125,2022-08-06,August,2022
2126,2022-08-07,August,2022
2127,2022-08-08,August,2022
2128,2022-08-09,August,2022
2129,2022-08-10,August,2022
2130,2022-08-11,August,2022
2131,2022-08-12,August,2022
2132,2022-08-13,August,2022
2133,2022-08-14,August,2022
2134,2022-08-15,August,2022
2135,2022-08-16,August,2022
2136,2022-08-17,August,2022
2137,2022-08-18,August,2022
2138,2022-08-19,August,2022
2139,2022-08-20,August,2022
2140,2022-08-21,August,2022
2141,2022-08-22,August,2022
2142,2022-08-23,August,2022
2143,2022-08-24,August,2022
2144,2022-08-25,August,2022
2145,2022-08-26,August,2022
2146,2022-08-27,August,2022
2147,2022-08-28,August,2022
2148,2022-08-29,August,2022
2149,2022-08-30,August,2022
2150,2022-08-31,August,2022
2151,2022-09-01,September,2022
2152,2022-09-02,September,2022
2153,2022-09-03,September,2022
2154,2022-09-04,September,2022
2155,2022-09-05,September,2022
2156,2022-09-06,September,2022
2157,2022-09-07,September,2022
2158,2022-09-08,September,2022
2159,2022-09-09,September,2022
2160,2022-09-10,September,2022
2161,2022-09-11,September,2022
2162,2022-09-12,September,2022
2163,2022-09-13,September,2022
2164,2022-09-14,September,2022
2165,2022-09-15,September,2022
2166,2022-09-16,September,2022
2167,2022-09-17,September,2022
2168,2022-09-18,September,2022
2169,2022-09-19,September,2022
2170,2022-09-20,September,2022
2171,2022-09-21,September,2022
2172,2022-09-22,September,2022
2173,2022-09-23,September,2022
2174,2022-09-24,September,2022
2175,2022-09-25,September,2022
2176,2022-09-26,September,2022
2177,2022-09-27,September,2022
2178,2022-09-28,September,2022
2179,2022-09-29,September,2022
2180,2022-09-30,September,2022
2181,2022-10-01,October,2022
2182,2022-10-02,October,2022
2183,2022-10-03,October,2022
2184,2022-10-04,October,2022
2185,2022-10-05,October,2022
2186,2022-10-06,October,2022
2187,2022-10-07,October,2022
2188,2022-10-08,October,2022
2189,2022-10-09,October,2022
2190,2022-10-10,October,2022
2191,2022-10-11,October,2022
2192,2022-10-12,October,2022
2193,2022-10-13,October,2022
2194,2022-10-14,October,2022
2195,2022-10-15,October,2022
2196,2022-10-16,October,2022
2197,2022-10-17,October,2022
2198,2022-10-18,October,2022
2199,2022-10-19,October,2022
2200,2022-10-20,October,2022
2201,2022-10-21,October,2022
2202,2022-10-22,October,2022
2203,2022-10-23,October,2022
2204,2022-10-24,October,2022
2205,2022-10-25,October,2022
2206,2022-10-26,October,2022
2207,2022-10-27,October,2022
2208,2022-10-28,October,2022
2209,2022-10-29,October,2022
2210,2022-10-30,October,2022
2211,2022-10-31,October,2022
2212,2022-11-01,November,2022
2213,2022-11-02,November,2022
2214,2022-11-03,November,2022
2215,2022-11-04,November,2022
2216,2022-11-05,November,2022
2217,2022-11-06,November,2022
2218,2022-11-07,November,2022
2219,2022-11-08,November,2022
2220,2022-11-09,November,2022
2221,2022-11-10,November,2022
2222,2022-11-11,November,2022
2223,2022-11-12,November,2022
2224,2022-11-13,November,2022
2225,2022-11-14,November,2022
2226,2022-11-15,November,2022
2227,2022-11-16,November,2022
2228,2022-11-17,November,2022
2229,2022-11-18,November,2022
2230,2022-11-19,November,2022
2231,2022-11-20,November,2022
2232,2022-11-21,November,2022
2233,2022-11-22,November,2022
2234,2022-11-23,November,2022
2235,2022-11-24,November,2022
2236,2022-11-25,November,2022
2237,2022-11-26,November,2022
2238,2022-11-27,November,2022
2239,2022-11-28,November,2022
2240,2022-11-29,November,2022
2241,2022-11-30,November,2022
2242,2022-12-01,December,2022
2243,2022-12-02,December,2022
2244,2022-12-03,December,2022
2245,2022-12-04,December,2022
2246,2022-12-05,December,2022
2247,2022-12-06,December,2022
2248,2022-12-07,December,2022
2249,2022-12-08,December,2022
2250,2022-12-09,December,2022
2251,2022-12-10,December,2022
2252,2022-12-11,December,2022
2253,2022-12-12,December,2022
2254,2022-12-13,December,2022
2255,2022-12-14,December,2022
2256,2022-12-15,December,2022
2257,2022-12-16,December,2022
2258,2022-12-17,December,2022
2259,2022-12-18,December,2022
2260,2022-12-19,December,2022
2261,2022-12-20,December,2022
2262,2022-12-21,December,2022
2263,2022-12-22,December,2022
2264,2022-12-23,December,2022
2265,2022-12-24,December,2022
2266,2022-12-25,December,2022
2267,2022-12-26,December,2022
2268,2022-12-27,December,2022
2269,2022-12-28,December,2022
2270,2022-12-29,December,2022
2271,2022-12-30,December,2022
2272,2022-12-31,December,2022
2273,2023-01-01,January,2023
2274,2023-01-02,January,2023
2275,2023-01-03,January,2023
2276,2023-01-04,January,2023
2277,2023-01-05,January,2023
2278,2023-01-06,January,2023
2279,2023-01-07,January,2023
2280,2023-01-08,January,2023
2281,2023-01-09,January,2023
2282,2023-01-10,January,2023
2283,2023-01-11,January,2023
2284,2023-01-12,January,2023
2285,2023-01-13,January,2023
2286,2023-01-14,January,2023
2287,2023-01-15,January,2023
2288,2023-01-16,January,2023
2289,2023-01-17,January,2023
2290,2023-01-18,January,2023
2291,2023-01-19,January,2023
2292,2023-01-20,January,2023
2293,2023-01-21,January,2023
2294,2023-01-22,January,2023
2295,2023-01-23,January,2023
2296,2023-01-24,January,2023
2297,2023-01-25,January,2023
2298,2023-01-26,January,2023
2299,2023-01-27,January,2023
2300,2023-01-28,January,2023
2301,2023-01-29,January,2023
2302,2023-01-30,January,2023
2303,2023-01-31,January,2023
2304,2023-02-01,February,2023
2305,2023-02-02,February,2023
2306,2023-02-03,February,2023
2307,2023-02-04,February,2023
2308,2023-02-05,February,2023
2309,2023-02-06,February,2023
2310,2023-02-07,February,2023
2311,2023-02-08,February,2023
2312,2023-02-09,February,2023
2313,2023-02-10,February,2023
2314,2023-02-11,February,2023
2315,2023-02-12,February,2023
2316,2023-02-13,February,2023
2317,2023-02-14,February,2023
2318,2023-02-15,February,2023
2319,2023-02-16,February,2023
2320,2023-02-17,February,2023
2321,2023-02-18,February,2023
2322,2023-02-19,February,2023
2323,2023-02-20,February,2023
2324,2023-02-21,February,2023
2325,2023-02-22,February,2023
2326,2023-02-23,February,2023
2327,2023-02-24,February,2023
2328,2023-02-25,February,2023
2329,2023-02-26,February,2023
2330,2023-02-27,February,2023
2331,2023-02-28,February,2023
2332,2023-03-01,March,2023
2333,2023-03-02,March,2023
2334,2023-03-03,March,2023
2335,2023-03-04,March,2023
2336,2023-03-05,March,2023
2337,2023-03-06,March,2023
2338,2023-03-07,March,2023
2339,2023-03-08,March,2023
2340,2023-03-09,March,2023
2341,2023-03-10,March,2023
2342,2023-03-11,March,2023
2343,2023-03-12,March,2023
2344,2023-03-13,March,2023
2345,2023-03-14,March,2023
2346,2023-03-15,March,2023
2347,2023-03-16,March,2023
2348,2023-03-17,March,2023
2349,2023-03-18,March,2023
2350,2023-03-19,March,2023
2351,2023-03-20,March,2023
2352,2023-03-21,March,2023
2353,2023-03-22,March,2023
2354,2023-03-23,March,2023
2355,2023-03-24,March,2023
2356,2023-03-25,March,2023
2357,2023-03-26,March,2023
2358,2023-03-27,March,2023
2359,2023-03-28,March,2023
2360,2023-03-29,March,2023
2361,2023-03-30,March,2023
2362,2023-03-31,March,2023
2363,2023-04-01,April,2023
2364,2023-04-02,April,2023
2365,2023-04-03,April,2023
2366,2023-04-04,April,2023
2367,2023-04-05,April,2023
2368,2023-04-06,April,2023
2369,2023-04-07,April,2023
2370,2023-04-08,April,2023
2371,2023-04-09,April,2023
2372,2023-04-10,April,2023
2373,2023-04-11,April,2023
2374,2023-04-12,April,2023
2375,2023-04-13,April,2023
2376,2023-04-14,April,2023
2377,2023-04-15,April,2023
2378,2023-04-16,April,2023
2379,2023-04-17,April,2023
2380,2023-04-18,April,2023
2381,2023-04-19,April,2023
2382,2023-04-20,April,2023
2383,2023-04-21,April,2023
2384,2023-04-22,April,2023
2385,2023-04-23,April,2023
2386,2023-04-24,April,2023
2387,2023-04-25,April,2023
2388,2023-04-26,April,2023
2389,2023-04-27,April,2023
2390,2023-04-28,April,2023
2391,2023-04-29,April,2023
2392,2023-04-30,April,2023
2393,2023-05-01,May,2023
2394,2023-05-02,May,2023
2395,2023-05-03,May,2023
2396,2023-05-04,May,2023
2397,2023-05-05,May,2023
2398,2023-05-06,May,2023
2399,2023-05-07,May,2023
2400,2023-05-08,May,2023
2401,2023-05-09,May,2023
2402,2023-05-10,May,2023
2403,2023-05-11,May,2023
2404,2023-05-12,May,2023
2405,2023-05-13,May,2023
2406,2023-05-14,May,2023
2407,2023-05-15,May,2023
2408,2023-05-16,May,2023
2409,2023-05-17,May,2023
2410,2023-05-18,May,2023
2411,2023-05-19,May,2023
2412,2023-05-20,May,2023
2413,2023-05-21,May,2023
2414,2023-05-22,May,2023
2415,2023-05-23,May,2023
2416,2023-05-24,May,2023
2417,2023-05-25,May,2023
2418,2023-05-26,May,2023
2419,2023-05-27,May,2023
2420,2023-05-28,May,2023
2421,2023-05-29,May,2023
2422,2023-05-30,May,2023
2423,2023-05-31,May,2023
2424,2023-06-01,June,2023
2425,2023-06-02,June,2023
2426,2023-06-03,June,2023
2427,2023-06-04,June,2023
2428,2023-06-05,June,2023
2429,2023-06-06,June,2023
2430,2023-06-07,June,2023
2431,2023-06-08,June,2023
2432,2023-06-09,June,2023
2433,2023-06-10,June,2023
2434,2023-06-11,June,2023
2435,2023-06-12,June,2023
2436,2023-06-13,June,2023
2437,2023-06-14,June,2023
2438,2023-06-15,June,2023
2439,2023-06-16,June,2023
2440,2023-06-17,June,2023
2441,2023-06-18,June,2023
2442,2023-06-19,June,2023
2443,2023-06-20,June,2023
2444,2023-06-21,June,2023
2445,2023-06-22,June,2023
2446,2023-06-23,June,2023
2447,2023-06-24,June,2023
2448,2023-06-25,June,2023
2449,2023-06-26,June,2023
2450,2023-06-27,June,2023
2451,2023-06-28,June,2023
2452,2023-06-29,June,2023
2453,2023-06-30,June,2023
2454,2023-07-01,July,2023
2455,2023-07-02,July,2023
2456,2023-07-03,July,2023
2457,2023-07-04,July,2023
2458,2023-07-05,July,2023
2459,2023-07-06,July,2023
2460,2023-07-07,July,2023
2461,2023-07-08,July,2023
2462,2023-07-09,July,2023
2463,2023-07-10,July,2023
2464,2023-07-11,July,2023
2465,2023-07-12,July,2023
2466,2023-07-13,July,2023
2467,2023-07-14,July,2023
2468,2023-07-15,July,2023
2469,2023-07-16,July,2023
2470,2023-07-17,July,2023
2471,2023-07-18,July,2023
2472,2023-07-19,July,2023
2473,2023-07-20,July,2023
2474,2023-07-21,July,2023
2475,2023-07-22,July,2023
2476,2023-07-23,July,2023
2477,2023-07-24,July,2023
2478,2023-07-25,July,2023
2479,2023-07-26,July,2023
2480,2023-07-27,July,2023
2481,2023-07-28,July,2023
2482,2023-07-29,July,2023
2483,2023-07-30,July,2023
2484,2023-07-31,July,2023
2485,2023-08-01,August,2023
2486,2023-08-02,August,2023
2487,2023-08-03,August,2023
2488,2023-08-04,August,2023
2489,2023-08-05,August,2023
2490,2023-08-06,August,2023
2491,2023-08-07,August,2023
2492,2023-08-08,August,2023
2493,2023-08-09,August,2023
2494,2023-08-10,August,2023
2495,2023-08-11,August,2023
2496,2023-08-12,August,2023
2497,2023-08-13,August,2023
2498,2023-08-14,August,2023
2499,2023-08-15,August,2023
2500,2023-08-16,August,2023
2501,2023-08-17,August,2023
2502,2023-08-18,August,2023
2503,2023-08-19,August,2023
2504,2023-08-20,August,2023
2505,2023-08-21,August,2023
2506,2023-08-22,August,2023
2507,2023-08-23,August,2023
2508,2023-08-24,August,2023
2509,2023-08-25,August,2023
2510,2023-08-26,August,2023
2511,2023-08-27,August,2023
2512,2023-08-28,August,2023
2513,2023-08-29,August,2023
2514,2023-08-30,August,2023
2515,2023-08-31,August,2023
2516,2023-09-01,September,2023
2517,2023-09-02,September,2023
2518,2023-09-03,September,2023
2519,2023-09-04,September,2023
2520,2023-09-05,September,2023
2521,2023-09-06,September,2023
2522,2023-09-07,September,2023
2523,2023-09-08,September,2023
2524,2023-09-09,September,2023
2525,2023-09-10,September,2023
2526,2023-09-11,September,2023
2527,2023-09-12,September,2023
2528,2023-09-13,September,2023
2529,2023-09-14,September,2023
2530,2023-09-15,September,2023
2531,2023-09-16,September,2023
2532,2023-09-17,September,2023
2533,2023-09-18,September,2023
2534,2023-09-19,September,2023
2535,2023-09-20,September,2023
2536,2023-09-21,September,2023
2537,2023-09-22,September,2023
2538,2023-09-23,September,2023
2539,2023-09-24,September,2023
2540,2023-09-25,September,2023
2541,2023-09-26,September,2023
2542,2023-09-27,September,2023
2543,2023-09-28,September,2023
2544,2023-09-29,September,2023
2545,2023-09-30,September,2023
2546,2023-10-01,October,2023
2547,2023-10-02,October,2023
2548,2023-10-03,October,2023
2549,2023-10-04,October,2023
2550,2023-10-05,October,2023
2551,2023-10-06,October,2023
2552,2023-10-07,October,2023
2553,2023-10-08,October,2023
2554,2023-10-09,October,2023
2555,2023-10-10,October,2023
2556,2023-10-11,October,2023
2557,2023-10-12,October,2023
2558,2023-10-13,October,2023
2559,2023-10-14,October,2023
2560,2023-10-15,October,2023
2561,2023-10-16,October,2023
2562,2023-10-17,October,2023
2563,2023-10-18,October,2023
2564,2023-10-19,October,2023
2565,2023-10-20,October,2023
2566,2023-10-21,October,2023
2567,2023-10-22,October,2023
2568,2023-10-23,October,2023
2569,2023-10-24,October,2023
2570,2023-10-25,October,2023
2571,2023-10-26,October,2023
2572,2023-10-27,October,2023
2573,2023-10-28,October,2023
2574,2023-10-29,October,2023
2575,2023-10-30,October,2023
2576,2023-10-31,October,2023
2577,2023-11-01,November,2023
2578,2023-11-02,November,2023
2579,2023-11-03,November,2023
2580,2023-11-04,November,2023
2581,2023-11-05,November,2023
2582,2023-11-06,November,2023
2583,2023-11-07,November,2023
2584,2023-11-08,November,2023
2585,2023-11-09,November,2023
2586,2023-11-10,November,2023
2587,2023-11-11,November,2023
2588,2023-11-12,November,2023
2589,2023-11-13,November,2023
2590,2023-11-14,November,2023
2591,2023-11-15,November,2023
2592,2023-11-16,November,2023
2593,2023-11-17,November,2023
2594,2023-11-18,November,2023
2595,2023-11-19,November,2023
2596,2023-11-20,November,2023
2597,2023-11-21,November,2023
2598,2023-11-22,November,2023
2599,2023-11-23,November,2023
2600,2023-11-24,November,2023
2601,2023-11-25,November,2023
2602,2023-11-26,November,2023
2603,2023-11-27,November,2023
2604,2023-11-28,November,2023
2605,2023-11-29,November,2023
2606,2023-11-30,November,2023
2607,2023-12-01,December,2023
2608,2023-12-02,December,2023
2609,2023-12-03,December,2023
2610,2023-12-04,December,2023
2611,2023-12-05,December,2023
2612,2023-12-06,December,2023
2613,2023-12-07,December,2023
2614,2023-12-08,December,2023
2615,2023-12-09,December,2023
2616,2023-12-10,December,2023
2617,2023-12-11,December,2023
2618,2023-12-12,December,2023
2619,2023-12-13,December,2023
2620,2023-12-14,December,2023
2621,2023-12-15,December,2023
2622,2023-12-16,December,2023
2623,2023-12-17,December,2023
2624,2023-12-18,December,2023
2625,2023-12-19,December,2023
2626,2023-12-20,December,2023
2627,2023-12-21,December,2023
2628,2023-12-22,December,2023
2629,2023-12-23,December,2023
2630,2023-12-24,December,2023
2631,2023-12-25,December,2023
2632,2023-12-26,December,2023
2633,2023-12-27,December,2023
2634,2023-12-28,December,2023
2635,2023-12-29,December,2023
2636,2023-12-30,December,2023
2637,2023-12-31,December,2023
2638,2024-01-01,January,2024
2639,2024-01-02,January,2024
2640,2024-01-03,January,2024
2641,2024-01-04,January,2024
2642,2024-01-05,January,2024
2643,2024-01-06,January,2024
2644,2024-01-07,January,2024
2645,2024-01-08,January,2024
2646,2024-01-09,January,2024
2647,2024-01-10,January,2024
2648,2024-01-11,January,2024
2649,2024-01-12,January,2024
2650,2024-01-13,January,2024
2651,2024-01-14,January,2024
2652,2024-01-15,January,2024
2653,2024-01-16,January,2024
2654,2024-01-17,January,2024
2655,2024-01-18,January,2024
2656,2024-01-19,January,2024
2657,2024-01-20,January,2024
2658,2024-01-21,January,2024
2659,2024-01-22,January,2024
2660,2024-01-23,January,2024
2661,2024-01-24,January,2024
2662,2024-01-25,January,2024
2663,2024-01-26,January,2024
2664,2024-01-27,January,2024
2665,2024-01-28,January,2024
2666,2024-01-29,January,2024
2667,2024-01-30,January,2024
2668,2024-01-31,January,2024
2669,2024-02-01,February,2024
2670,2024-02-02,February,2024
2671,2024-02-03,February,2024
2672,2024-02-04,February,2024
2673,2024-02-05,February,2024
2674,2024-02-06,February,2024
2675,2024-02-07,February,2024
2676,2024-02-08,February,2024
2677,2024-02-09,February,2024
2678,2024-02-10,February,2024
2679,2024-02-11,February,2024
2680,2024-02-12,February,2024
2681,2024-02-13,February,2024
2682,2024-02-14,February,2024
2683,2024-02-15,February,2024
2684,2024-02-16,February,2024
2685,2024-02-17,February,2024
2686,2024-02-18,February,2024
2687,2024-02-19,February,2024
2688,2024-02-20,February,2024
2689,2024-02-21,February,2024
2690,2024-02-22,February,2024
2691,2024-02-23,February,2024
2692,2024-02-24,February,2024
2693,2024-02-25,February,2024
2694,2024-02-26,February,2024
2695,2024-02-27,February,2024
2696,2024-02-28,February,2024
2697,2024-02-29,February,2024
2698,2024-03-01,March,2024
2699,2024-03-02,March,2024
2700,2024-03-03,March,2024
2701,2024-03-04,March,2024
2702,2024-03-05,March,2024
2703,2024-03-06,March,2024
2704,2024-03-07,March,2024
2705,2024-03-08,March,2024
2706,2024-03-09,March,2024
2707,2024-03-10,March,2024
2708,2024-03-11,March,2024
2709,2024-03-12,March,2024
2710,2024-03-13,March,2024
2711,2024-03-14,March,2024
2712,2024-03-15,March,2024
2713,2024-03-16,March,2024
2714,2024-03-17,March,2024
2715,2024-03-18,March,2024
2716,2024-03-19,March,2024
2717,2024-03-20,March,2024
2718,2024-03-21,March,2024
2719,2024-03-22,March,2024
2720,2024-03-23,March,2024
2721,2024-03-24,March,2024
2722,2024-03-25,March,2024
2723,2024-03-26,March,2024
2724,2024-03-27,March,2024
2725,2024-03-28,March,2024
2726,2024-03-29,March,2024
2727,2024-03-30,March,2024
2728,2024-03-31,March,2024
2729,2024-04-01,April,2024
2730,2024-04-02,April,2024
2731,2024-04-03,April,2024
2732,2024-04-04,April,2024
2733,2024-04-05,April,2024
2734,2024-04-06,April,2024
2735,2024-04-07,April,2024
2736,2024-04-08,April,2024
2737,2024-04-09,April,2024
2738,2024-04-10,April,2024
2739,2024-04-11,April,2024
2740,2024-04-12,April,2024
2741,2024-04-13,April,2024
2742,2024-04-14,April,2024
2743,2024-04-15,April,2024
2744,2024-04-16,April,2024
2745,2024-04-17,April,2024
2746,2024-04-18,April,2024
2747,2024-04-19,April,2024
2748,2024-04-20,April,2024
2749,2024-04-21,April,2024
2750,2024-04-22,April,2024
2751,2024-04-23,April,2024
2752,2024-04-24,April,2024
2753,2024-04-25,April,2024
2754,2024-04-26,April,2024
2755,2024-04-27,April,2024
2756,2024-04-28,April,2024
2757,2024-04-29,April,2024
2758,2024-04-30,April,2024
2759,2024-05-01,May,2024
2760,2024-05-02,May,2024
2761,2024-05-03,May,2024
2762,2024-05-04,May,2024
2763,2024-05-05,May,2024
2764,2024-05-06,May,2024
2765,2024-05-07,May,2024
2766,2024-05-08,May,2024
2767,2024-05-09,May,2024
2768,2024-05-10,May,2024
2769,2024-05-11,May,2024
2770,2024-05-12,May,2024
2771,2024-05-13,May,2024
2772,2024-05-14,May,2024
2773,2024-05-15,May,2024
2774,2024-05-16,May,2024
2775,2024-05-17,May,2024
2776,2024-05-18,May,2024
2777,2024-05-19,May,2024
2778,2024-05-20,May,2024
2779,2024-05-21,May,2024
2780,2024-05-22,May,2024
2781,2024-05-23,May,2024
2782,2024-05-24,May,2024
2783,2024-05-25,May,2024
2784,2024-05-26,May,2024
2785,2024-05-27,May,2024
2786,2024-05-28,May,2024
2787,2024-05-29,May,2024
2788,2024-05-30,May,2024
2789,2024-05-31,May,2024
2790,2024-06-01,June,2024
2791,2024-06-02,June,2024
2792,2024-06-03,June,2024
2793,2024-06-04,June,2024
2794,2024-06-05,June,2024
2795,2024-06-06,June,2024
2796,2024-06-07,June,2024
2797,2024-06-08,June,2024
2798,2024-06-09,June,2024
2799,2024-06-10,June,2024
2800,2024-06-11,June,2024
2801,2024-06-12,June,2024
2802,2024-06-13,June,2024
2803,2024-06-14,June,2024
2804,2024-06-15,June,2024
2805,2024-06-16,June,2024
2806,2024-06-17,June,2024
2807,2024-06-18,June,2024
2808,2024-06-19,June,2024
2809,2024-06-20,June,2024
2810,2024-06-21,June,2024
2811,2024-06-22,June,2024
2812,2024-06-23,June,2024
2813,2024-06-24,June,2024
2814,2024-06-25,June,2024
2815,2024-06-26,June,2024
2816,2024-06-27,June,2024
2817,2024-06-28,June,2024
2818,2024-06-29,June,2024
2819,2024-06-30,June,2024
2820,2024-07-01,July,2024
2821,2024-07-02,July,2024
2822,2024-07-03,July,2024
2823,2024-07-04,July,2024
2824,2024-07-05,July,2024
2825,2024-07-06,July,2024
2826,2024-07-07,July,2024
2827,2024-07-08,July,2024
2828,2024-07-09,July,2024
2829,2024-07-10,July,2024
2830,2024-07-11,July,2024
2831,2024-07-12,July,2024
2832,2024-07-13,July,2024
2833,2024-07-14,July,2024
2834,2024-07-15,July,2024
2835,2024-07-16,July,2024
2836,2024-07-17,July,2024
2837,2024-07-18,July,2024
2838,2024-07-19,July,2024
2839,2024-07-20,July,2024
2840,2024-07-21,July,2024
2841,2024-07-22,July,2024
2842,2024-07-23,July,2024
2843,2024-07-24,July,2024
2844,2024-07-25,July,2024
2845,2024-07-26,July,2024
2846,2024-07-27,July,2024
2847,2024-07-28,July,2024
2848,2024-07-29,July,2024
2849,2024-07-30,July,2024
2850,2024-07-31,July,2024
2851,2024-08-01,August,2024
2852,2024-08-02,August,2024
2853,2024-08-03,August,2024
2854,2024-08-04,August,2024
2855,2024-08-05,August,2024
2856,2024-08-06,August,2024
2857,2024-08-07,August,2024
2858,2024-08-08,August,2024
2859,2024-08-09,August,2024
2860,2024-08-10,August,2024
2861,2024-08-11,August,2024
2862,2024-08-12,August,2024
2863,2024-08-13,August,2024
2864,2024-08-14,August,2024
2865,2024-08-15,August,2024
2866,2024-08-16,August,2024
2867,2024-08-17,August,2024
2868,2024-08-18,August,2024
2869,2024-08-19,August,2024
2870,2024-08-20,August,2024
2871,2024-08-21,August,2024
2872,2024-08-22,August,2024
2873,2024-08-23,August,2024
2874,2024-08-24,August,2024
2875,2024-08-25,August,2024
2876,2024-08-26,August,2024
2877,2024-08-27,August,2024
2878,2024-08-28,August,2024
2879,2024-08-29,August,2024
2880,2024-08-30,August,2024
2881,2024-08-31,August,2024
2882,2024-09-01,September,2024
2883,2024-09-02,September,2024
2884,2024-09-03,September,2024
2885,2024-09-04,September,2024
2886,2024-09-05,September,2024
2887,2024-09-06,September,2024
2888,2024-09-07,September,2024
2889,2024-09-08,September,2024
2890,2024-09-09,September,2024
2891,2024-09-10,September,2024
2892,2024-09-11,September,2024
2893,2024-09-12,September,2024
2894,2024-09-13,September,2024
2895,2024-09-14,September,2024
2896,2024-09-15,September,2024
2897,2024-09-16,September,2024
2898,2024-09-17,September,2024
2899,2024-09-18,September,2024
2900,2024-09-19,September,2024
2901,2024-09-20,September,2024
2902,2024-09-21,September,2024
2903,2024-09-22,September,2024
2904,2024-09-23,September,2024
2905,2024-09-24,September,2024
2906,2024-09-25,September,2024
2907,2024-09-26,September,2024
2908,2024-09-27,September,2024
2909,2024-09-28,September,2024
2910,2024-09-29,September,2024
2911,2024-09-30,September,2024
2912,2024-10-01,October,2024
2913,2024-10-02,October,2024
2914,2024-10-03,October,2024
2915,2024-10-04,October,2024
2916,2024-10-05,October,2024
2917,2024-10-06,October,2024
2918,2024-10-07,October,2024
2919,2024-10-08,October,2024
2920,2024-10-09,October,2024
2921,2024-10-10,October,2024
2922,2024-10-11,October,2024
2923,2024-10-12,October,2024
2924,2024-10-13,October,2024
2925,2024-10-14,October,2024
2926,2024-10-15,October,2024
2927,2024-10-16,October,2024
2928,2024-10-17,October,2024
2929,2024-10-18,October,2024
2930,2024-10-19,October,2024
2931,2024-10-20,October,2024
2932,2024-10-21,October,2024
2933,2024-10-22,October,2024
2934,2024-10-23,October,2024
2935,2024-10-24,October,2024
2936,2024-10-25,October,2024
2937,2024-10-26,October,2024
2938,2024-10-27,October,2024
2939,2024-10-28,October,2024
2940,2024-10-29,October,2024
2941,2024-10-30,October,2024
2942,2024-10-31,October,2024
2943,2024-11-01,November,2024
2944,2024-11-02,November,2024
2945,2024-11-03,November,2024
2946,2024-11-04,November,2024
2947,2024-11-05,November,2024
2948,2024-11-06,November,2024
2949,2024-11-07,November,2024
2950,2024-11-08,November,2024
2951,2024-11-09,November,2024
2952,2024-11-10,November,2024
2953,2024-11-11,November,2024
2954,2024-11-12,November,2024
2955,2024-11-13,November,2024
2956,2024-11-14,November,2024
2957,2024-11-15,November,2024
2958,2024-11-16,November,2024
2959,2024-11-17,November,2024
2960,2024-11-18,November,2024
2961,2024-11-19,November,2024
2962,2024-11-20,November,2024
2963,2024-11-21,November,2024
2964,2024-11-22,November,2024
2965,2024-11-23,November,2024
2966,2024-11-24,November,2024
2967,2024-11-25,November,2024
2968,2024-11-26,November,2024
2969,2024-11-27,November,2024
2970,2024-11-28,November,2024
2971,2024-11-29,November,2024
2972,2024-11-30,November,2024
2973,2024-12-01,December,2024
2974,2024-12-02,December,2024
2975,2024-12-03,December,2024
2976,2024-12-04,December,2024
2977,2024-12-05,December,2024
2978,2024-12-06,December,2024
2979,2024-12-07,December,2024
2980,2024-12-08,December,2024
2981,2024-12-09,December,2024
2982,2024-12-10,December,2024
2983,2024-12-11,December,2024
2984,2024-12-12,December,2024
2985,2024-12-13,December,2024
2986,2024-12-14,December,2024
2987,2024-12-15,December,2024
2988,2024-12-16,December,2024
2989,2024-12-17,December,2024
2990,2024-12-18,December,2024
2991,2024-12-19,December,2024
2992,2024-12-20,December,2024
2993,2024-12-21,December,2024
2994,2024-12-22,December,2024
2995,2024-12-23,December,2024
2996,2024-12-24,December,2024
2997,2024-12-25,December,2024
2998,2024-12-26,December,2024
2999,2024-12-27,December,2024
3000,2024-12-28,December,2024
3001,2024-12-29,December,2024
3002,2024-12-30,December,2024
3003,2024-12-31,December,2024
3004,2025-01-01,January,2025
3005,2025-01-02,January,2025
3006,2025-01-03,January,2025
3007,2025-01-04,January,2025
3008,2025-01-05,January,2025
3009,2025-01-06,January,2025
3010,2025-01-07,January,2025
3011,2025-01-08,January,2025
3012,2025-01-09,January,2025
3013,2025-01-10,January,2025
3014,2025-01-11,January,2025
3015,2025-01-12,January,2025
3016,2025-01-13,January,2025
3017,2025-01-14,January,2025
3018,2025-01-15,January,2025
3019,2025-01-16,January,2025
3020,2025-01-17,January,2025
3021,2025-01-18,January,2025
3022,2025-01-19,January,2025
3023,2025-01-20,January,2025
3024,2025-01-21,January,2025
3025,2025-01-22,January,2025
3026,2025-01-23,January,2025
3027,2025-01-24,January,2025
3028,2025-01-25,January,2025
3029,2025-01-26,January,2025
3030,2025-01-27,January,2025
3031,2025-01-28,January,2025
3032,2025-01-29,January,2025
3033,2025-01-30,January,2025
3034,2025-01-31,January,2025
3035,2025-02-01,February,2025
3036,2025-02-02,February,2025
3037,2025-02-03,February,2025
3038,2025-02-04,February,2025
3039,2025-02-05,February,2025
3040,2025-02-06,February,2025
3041,2025-02-07,February,2025
3042,2025-02-08,February,2025
3043,2025-02-09,February,2025
3044,2025-02-10,February,2025
3045,2025-02-11,February,2025
3046,2025-02-12,February,2025
3047,2025-02-13,February,2025
3048,2025-02-14,February,2025
3049,2025-02-15,February,2025
3050,2025-02-16,February,2025
3051,2025-02-17,February,2025
3052,2025-02-18,February,2025
3053,2025-02-19,February,2025
3054,2025-02-20,February,2025
3055,2025-02-21,February,2025
3056,2025-02-22,February,2025
3057,2025-02-23,February,2025
3058,2025-02-24,February,2025
3059,2025-02-25,February,2025
3060,2025-02-26,February,2025
3061,2025-02-27,February,2025
3062,2025-02-28,February,2025
3063,2025-03-01,March,2025
3064,2025-03-02,March,2025
3065,2025-03-03,March,2025
3066,2025-03-04,March,2025
3067,2025-03-05,March,2025
3068,2025-03-06,March,2025
3069,2025-03-07,March,2025
3070,2025-03-08,March,2025
3071,2025-03-09,March,2025
3072,2025-03-10,March,2025
3073,2025-03-11,March,2025
3074,2025-03-12,March,2025
3075,2025-03-13,March,2025
3076,2025-03-14,March,2025
3077,2025-03-15,March,2025
3078,2025-03-16,March,2025
3079,2025-03-17,March,2025
3080,2025-03-18,March,2025
3081,2025-03-19,March,2025
3082,2025-03-20,March,2025
3083,2025-03-21,March,2025
3084,2025-03-22,March,2025
3085,2025-03-23,March,2025
3086,2025-03-24,March,2025
3087,2025-03-25,March,2025
3088,2025-03-26,March,2025
3089,2025-03-27,March,2025
3090,2025-03-28,March,2025
3091,2025-03-29,March,2025
3092,2025-03-30,March,2025
3093,2025-03-31,March,2025
3094,2025-04-01,April,2025
3095,2025-04-02,April,2025
3096,2025-04-03,April,2025
3097,2025-04-04,April,2025
3098,2025-04-05,April,2025
3099,2025-04-06,April,2025
3100,2025-04-07,April,2025
3101,2025-04-08,April,2025
3102,2025-04-09,April,2025
3103,2025-04-10,April,2025
3104,2025-04-11,April,2025
3105,2025-04-12,April,2025
3106,2025-04-13,April,2025
3107,2025-04-14,April,2025
3108,2025-04-15,April,2025
3109,2025-04-16,April,2025
3110,2025-04-17,April,2025
3111,2025-04-18,April,2025
3112,2025-04-19,April,2025
3113,2025-04-20,April,2025
3114,2025-04-21,April,2025
3115,2025-04-22,April,2025
3116,2025-04-23,April,2025
3117,2025-04-24,April,2025
3118,2025-04-25,April,2025
3119,2025-04-26,April,2025
3120,2025-04-27,April,2025
3121,2025-04-28,April,2025
3122,2025-04-29,April,2025
3123,2025-04-30,April,2025
3124,2025-05-01,May,2025
3125,2025-05-02,May,2025
3126,2025-05-03,May,2025
3127,2025-05-04,May,2025
3128,2025-05-05,May,2025
3129,2025-05-06,May,2025
3130,2025-05-07,May,2025
3131,2025-05-08,May,2025
3132,2025-05-09,May,2025
3133,2025-05-10,May,2025
3134,2025-05-11,May,2025
3135,2025-05-12,May,2025
3136,2025-05-13,May,2025
3137,2025-05-14,May,2025
3138,2025-05-15,May,2025
3139,2025-05-16,May,2025
3140,2025-05-17,May,2025
3141,2025-05-18,May,2025
3142,2025-05-19,May,2025
3143,2025-05-20,May,2025
3144,2025-05-21,May,2025
3145,2025-05-22,May,2025
3146,2025-05-23,May,2025
3147,2025-05-24,May,2025
3148,2025-05-25,May,2025
3149,2025-05-26,May,2025
3150,2025-05-27,May,2025
3151,2025-05-28,May,2025
3152,2025-05-29,May,2025
3153,2025-05-30,May,2025
3154,2025-05-31,May,2025
3155,2025-06-01,June,2025
3156,2025-06-02,June,2025
3157,2025-06-03,June,2025
3158,2025-06-04,June,2025
3159,2025-06-05,June,2025
3160,2025-06-06,June,2025
3161,2025-06-07,June,2025
3162,2025-06-08,June,2025
3163,2025-06-09,June,2025
3164,2025-06-10,June,2025
3165,2025-06-11,June,2025
3166,2025-06-12,June,2025
3167,2025-06-13,June,2025
3168,2025-06-14,June,2025
3169,2025-06-15,June,2025
3170,2025-06-16,June,2025
3171,2025-06-17,June,2025
3172,2025-06-18,June,2025
3173,2025-06-19,June,2025
3174,2025-06-20,June,2025
3175,2025-06-21,June,2025
3176,2025-06-22,June,2025
3177,2025-06-23,June,2025
3178,2025-06-24,June,2025
3179,2025-06-25,June,2025
3180,2025-06-26,June,2025
3181,2025-06-27,June,2025
3182,2025-06-28,June,2025
3183,2025-06-29,June,2025
3184,2025-06-30,June,2025
3185,2025-07-01,July,2025
3186,2025-07-02,July,2025
3187,2025-07-03,July,2025
3188,2025-07-04,July,2025
3189,2025-07-05,July,2025
3190,2025-07-06,July,2025
3191,2025-07-07,July,2025
3192,2025-07-08,July,2025
3193,2025-07-09,July,2025
3194,2025-07-10,July,2025
3195,2025-07-11,July,2025
3196,2025-07-12,July,2025
3197,2025-07-13,July,2025
3198,2025-07-14,July,2025
3199,2025-07-15,July,2025
3200,2025-07-16,July,2025
3201,2025-07-17,July,2025
3202,2025-07-18,July,2025
3203,2025-07-19,July,2025
3204,2025-07-20,July,2025
3205,2025-07-21,July,2025
3206,2025-07-22,July,2025
3207,2025-07-23,July,2025
3208,2025-07-24,July,2025
3209,2025-07-25,July,2025
3210,2025-07-26,July,2025
3211,2025-07-27,July,2025
3212,2025-07-28,July,2025
3213,2025-07-29,July,2025
3214,2025-07-30,July,2025
3215,2025-07-31,July,2025
3216,2025-08-01,August,2025
3217,2025-08-02,August,2025
3218,2025-08-03,August,2025
3219,2025-08-04,August,2025
3220,2025-08-05,August,2025
3221,2025-08-06,August,2025
3222,2025-08-07,August,2025
3223,2025-08-08,August,2025
3224,2025-08-09,August,2025
3225,2025-08-10,August,2025
3226,2025-08-11,August,2025
3227,2025-08-12,August,2025
3228,2025-08-13,August,2025
3229,2025-08-14,August,2025
3230,2025-08-15,August,2025
3231,2025-08-16,August,2025
3232,2025-08-17,August,2025
3233,2025-08-18,August,2025
3234,2025-08-19,August,2025
3235,2025-08-20,August,2025
3236,2025-08-21,August,2025
3237,2025-08-22,August,2025
3238,2025-08-23,August,2025
3239,2025-08-24,August,2025
3240,2025-08-25,August,2025
3241,2025-08-26,August,2025
3242,2025-08-27,August,2025
